team,player_name,position,caps,club,overall,pace,shooting,passing,dribbling,defending,physic,preferred_foot,total_goals,total_assists,total_minutes,market_value_in_eur,photo_url
Czech Republic,Matěj Kovář,GK,20,,74.0,43.0,32.0,54.0,40.0,25.0,77.0,Right,,,,,https://ui-avatars.com/api/?name=Mat%C4%9Bj%20Kov%C3%A1%C5%99&background=0d1f3c&color=00e5ff&size=120&bold=true&rounded=true
Czech Republic,David Zima,DEF,25,,72.0,61.0,53.0,60.0,60.0,79.0,74.0,Right,2.0,0.0,4092.0,7000000.0,https://ui-avatars.com/api/?name=David%20Zima&background=0d1f3c&color=00e5ff&size=120&bold=true&rounded=true
Czech Republic,Tomáš Holeš,DEF,41,,71.0,62.0,37.0,71.0,51.0,79.0,81.0,Right,1.0,0.0,1075.0,50000.0,https://ui-avatars.com/api/?name=Tom%C3%A1%C5%A1%20Hole%C5%A1&background=0d1f3c&color=00e5ff&size=120&bold=true&rounded=true
Czech Republic,Robin Hranáč,DEF,14,,73.0,56.0,55.0,50.0,61.0,81.0,75.0,Right,1.0,2.0,3245.0,300000.0,https://ui-avatars.com/api/?name=Robin%20Hran%C3%A1%C4%8D&background=0d1f3c&color=00e5ff&size=120&bold=true&rounded=true
Czech Republic,Vladimír Coufal,DEF,62,,79.0,79.0,51.0,59.0,65.0,74.0,81.0,Right,1.0,29.0,16609.0,2700000.0,https://ui-avatars.com/api/?name=Vladim%C3%ADr%20Coufal&background=0d1f3c&color=00e5ff&size=120&bold=true&rounded=true
Czech Republic,Štěpán Chaloupek,DEF,5,,74.0,74.0,37.0,54.0,68.0,78.0,74.0,Right,1.0,1.0,580.0,10000000.0,https://ui-avatars.com/api/?name=%C5%A0t%C4%9Bp%C3%A1n%20Chaloupek&background=0d1f3c&color=00e5ff&size=120&bold=true&rounded=true
Czech Republic,Ladislav Krejčí,DEF,27,,76.0,61.0,52.0,53.0,63.0,73.0,79.0,Right,4.0,2.0,5949.0,22000000.0,https://ui-avatars.com/api/?name=Ladislav%20Krej%C4%8D%C3%AD&background=0d1f3c&color=00e5ff&size=120&bold=true&rounded=true
Czech Republic,Vladimír Darida,MID,79,,76.0,78.0,56.0,79.0,79.0,56.0,71.0,Right,37.0,49.0,24936.0,375000.0,https://ui-avatars.com/api/?name=Vladim%C3%ADr%20Darida&background=0d1f3c&color=00e5ff&size=120&bold=true&rounded=true
Czech Republic,Adam Hložek,FWD,43,,75.0,86.0,70.0,68.0,72.0,28.0,75.0,Right,25.0,14.0,5583.0,12000000.0,https://ui-avatars.com/api/?name=Adam%20Hlo%C5%BEek&background=0d1f3c&color=00e5ff&size=120&bold=true&rounded=true
Czech Republic,Patrik Schick,FWD,53,,75.0,75.0,69.0,60.0,77.0,34.0,61.0,Right,134.0,26.0,19249.0,20000000.0,https://ui-avatars.com/api/?name=Patrik%20Schick&background=0d1f3c&color=00e5ff&size=120&bold=true&rounded=true
Czech Republic,Jan Kuchta,FWD,31,,73.0,89.0,77.0,66.0,73.0,34.0,61.0,Right,8.0,6.0,2336.0,2700000.0,https://ui-avatars.com/api/?name=Jan%20Kuchta&background=0d1f3c&color=00e5ff&size=120&bold=true&rounded=true
Czech Republic,Lukáš Červ,MID,17,,75.0,71.0,77.0,72.0,72.0,65.0,72.0,Right,,,,,https://ui-avatars.com/api/?name=Luk%C3%A1%C5%A1%20%C4%8Cerv&background=0d1f3c&color=00e5ff&size=120&bold=true&rounded=true
Czech Republic,Mojmír Chytil,FWD,22,,69.0,86.0,72.0,67.0,80.0,39.0,70.0,Right,1.0,0.0,545.0,4000000.0,https://ui-avatars.com/api/?name=Mojm%C3%ADr%20Chytil&background=0d1f3c&color=00e5ff&size=120&bold=true&rounded=true
Czech Republic,David Jurásek,DEF,18,,68.0,79.0,41.0,58.0,50.0,83.0,77.0,Right,0.0,4.0,2966.0,5000000.0,https://ui-avatars.com/api/?name=David%20Jur%C3%A1sek&background=0d1f3c&color=00e5ff&size=120&bold=true&rounded=true
Czech Republic,Pavel Šulc,FWD,21,,75.0,82.0,70.0,71.0,79.0,27.0,60.0,Right,16.0,11.0,3666.0,20000000.0,https://ui-avatars.com/api/?name=Pavel%20%C5%A0ulc&background=0d1f3c&color=00e5ff&size=120&bold=true&rounded=true
Czech Republic,Jindřich Staněk,GK,14,,68.0,50.0,24.0,49.0,36.0,27.0,73.0,Right,0.0,0.0,540.0,2000000.0,https://ui-avatars.com/api/?name=Jind%C5%99ich%20Stan%C4%9Bk&background=0d1f3c&color=00e5ff&size=120&bold=true&rounded=true
Czech Republic,Lukáš Provod,MID,38,,79.0,64.0,63.0,72.0,79.0,51.0,60.0,Right,0.0,7.0,1476.0,8000000.0,https://ui-avatars.com/api/?name=Luk%C3%A1%C5%A1%20Provod&background=0d1f3c&color=00e5ff&size=120&bold=true&rounded=true
Czech Republic,Michal Sadílek,MID,35,,74.0,80.0,59.0,67.0,79.0,57.0,62.0,Right,8.0,18.0,13316.0,8000000.0,https://ui-avatars.com/api/?name=Michal%20Sad%C3%ADlek&background=0d1f3c&color=00e5ff&size=120&bold=true&rounded=true
Czech Republic,Tomáš Chorý,FWD,22,,68.0,74.0,72.0,69.0,85.0,27.0,58.0,Right,1.0,0.0,1075.0,50000.0,https://ui-avatars.com/api/?name=Tom%C3%A1%C5%A1%20Chor%C3%BD&background=0d1f3c&color=00e5ff&size=120&bold=true&rounded=true
Czech Republic,Jaroslav Zelený,DEF,23,,72.0,80.0,57.0,63.0,56.0,82.0,78.0,Right,0.0,0.0,693.0,600000.0,https://ui-avatars.com/api/?name=Jaroslav%20Zelen%C3%BD&background=0d1f3c&color=00e5ff&size=120&bold=true&rounded=true
Czech Republic,David Douděra,DEF,17,,77.0,64.0,47.0,68.0,56.0,72.0,73.0,Right,0.0,1.0,962.0,3500000.0,https://ui-avatars.com/api/?name=David%20Doud%C4%9Bra&background=0d1f3c&color=00e5ff&size=120&bold=true&rounded=true
Czech Republic,Tomáš Souček,MID,90,,71.0,62.0,77.0,71.0,80.0,64.0,70.0,Right,49.0,12.0,21946.0,12000000.0,https://ui-avatars.com/api/?name=Tom%C3%A1%C5%A1%20Sou%C4%8Dek&background=0d1f3c&color=00e5ff&size=120&bold=true&rounded=true
Czech Republic,Lukáš Horníček,GK,1,,71.0,52.0,26.0,58.0,35.0,19.0,74.0,Right,,,,,https://ui-avatars.com/api/?name=Luk%C3%A1%C5%A1%20Horn%C3%AD%C4%8Dek&background=0d1f3c&color=00e5ff&size=120&bold=true&rounded=true
Czech Republic,Alexandr Sojka,MID,2,,76.0,78.0,60.0,76.0,79.0,69.0,70.0,Right,0.0,0.0,235.0,2300000.0,https://ui-avatars.com/api/?name=Alexandr%20Sojka&background=0d1f3c&color=00e5ff&size=120&bold=true&rounded=true
Czech Republic,Hugo Sochůrek,MID,1,,77.0,80.0,61.0,65.0,68.0,74.0,79.0,Right,0.0,0.0,1788.0,300000.0,https://ui-avatars.com/api/?name=Hugo%20Soch%C5%AFrek&background=0d1f3c&color=00e5ff&size=120&bold=true&rounded=true
Czech Republic,Denis Višinský,FWD,2,,76.0,74.0,74.0,60.0,79.0,33.0,62.0,Right,0.0,0.0,6810.0,200000.0,https://ui-avatars.com/api/?name=Denis%20Vi%C5%A1insk%C3%BD&background=0d1f3c&color=00e5ff&size=120&bold=true&rounded=true
Mexico,Raúl Rangel,GK,14,,70.0,42.0,29.0,51.0,37.0,23.0,72.0,Right,1.0,0.0,633.0,300000.0,https://ui-avatars.com/api/?name=Ra%C3%BAl%20Rangel&background=0d1f3c&color=00e5ff&size=120&bold=true&rounded=true
Mexico,Jorge Sánchez,DEF,59,,78.0,74.0,51.0,66.0,69.0,83.0,83.0,Right,3.0,6.0,2999.0,2200000.0,https://ui-avatars.com/api/?name=Jorge%20S%C3%A1nchez&background=0d1f3c&color=00e5ff&size=120&bold=true&rounded=true
Mexico,César Montes,DEF,67,,76.0,56.0,37.0,66.0,54.0,72.0,77.0,Right,9.0,1.0,7654.0,7000000.0,https://ui-avatars.com/api/?name=C%C3%A9sar%20Montes&background=0d1f3c&color=00e5ff&size=120&bold=true&rounded=true
Mexico,Edson Álvarez,DEF,98,,82.0,65.0,65.0,72.0,72.0,82.0,84.0,Right,15.0,10.0,16965.0,15000000.0,https://ui-avatars.com/api/?name=Edson%20%C3%81lvarez&background=0d1f3c&color=00e5ff&size=120&bold=true&rounded=true
Mexico,Johan Vásquez,DEF,46,,70.0,81.0,51.0,51.0,51.0,83.0,75.0,Right,7.0,1.0,13170.0,13000000.0,https://ui-avatars.com/api/?name=Johan%20V%C3%A1squez&background=0d1f3c&color=00e5ff&size=120&bold=true&rounded=true
Mexico,Érik Lira,MID,25,,76.0,62.0,55.0,65.0,70.0,51.0,71.0,Right,,,,,https://ui-avatars.com/api/?name=%C3%89rik%20Lira&background=0d1f3c&color=00e5ff&size=120&bold=true&rounded=true
Mexico,Luis Romo,MID,63,,79.0,63.0,77.0,68.0,74.0,60.0,76.0,Right,3.0,3.0,819.0,125000.0,https://ui-avatars.com/api/?name=Luis%20Romo&background=0d1f3c&color=00e5ff&size=120&bold=true&rounded=true
Mexico,Álvaro Fidalgo,MID,4,,75.0,81.0,59.0,66.0,73.0,71.0,70.0,Right,1.0,0.0,751.0,10000000.0,https://ui-avatars.com/api/?name=%C3%81lvaro%20Fidalgo&background=0d1f3c&color=00e5ff&size=120&bold=true&rounded=true
Mexico,Raúl Jiménez,FWD,124,,70.0,80.0,79.0,60.0,84.0,27.0,77.0,Right,113.0,44.0,23506.0,4000000.0,https://ui-avatars.com/api/?name=Ra%C3%BAl%20Jim%C3%A9nez&background=0d1f3c&color=00e5ff&size=120&bold=true&rounded=true
Mexico,Alexis Vega,FWD,52,,81.0,75.0,70.0,57.0,74.0,31.0,77.0,Right,0.0,1.0,1371.0,500000.0,https://ui-avatars.com/api/?name=Alexis%20Vega&background=0d1f3c&color=00e5ff&size=120&bold=true&rounded=true
Mexico,Santiago Giménez,FWD,47,,81.0,78.0,82.0,58.0,76.0,32.0,78.0,Right,72.0,19.0,8925.0,20000000.0,https://ui-avatars.com/api/?name=Santiago%20Gim%C3%A9nez&background=0d1f3c&color=00e5ff&size=120&bold=true&rounded=true
Mexico,Carlos Acevedo,GK,7,,78.0,40.0,27.0,46.0,31.0,25.0,65.0,Right,1.0,7.0,10628.0,2000000.0,https://ui-avatars.com/api/?name=Carlos%20Acevedo&background=0d1f3c&color=00e5ff&size=120&bold=true&rounded=true
Mexico,Guillermo Ochoa,GK,152,,78.0,48.0,21.0,49.0,32.0,24.0,76.0,Right,0.0,1.0,23695.0,300000.0,https://ui-avatars.com/api/?name=Guillermo%20Ochoa&background=0d1f3c&color=00e5ff&size=120&bold=true&rounded=true
Mexico,Armando González,FWD,7,,80.0,85.0,76.0,70.0,79.0,42.0,75.0,Right,0.0,0.0,65.0,50000.0,https://ui-avatars.com/api/?name=Armando%20Gonz%C3%A1lez&background=0d1f3c&color=00e5ff&size=120&bold=true&rounded=true
Mexico,Israel Reyes,DEF,34,,79.0,70.0,54.0,66.0,51.0,72.0,83.0,Right,19.0,33.0,8988.0,300000.0,https://ui-avatars.com/api/?name=Israel%20Reyes&background=0d1f3c&color=00e5ff&size=120&bold=true&rounded=true
Mexico,Julián Quiñones,FWD,22,,81.0,76.0,72.0,63.0,80.0,27.0,76.0,Right,,,,,https://ui-avatars.com/api/?name=Juli%C3%A1n%20Qui%C3%B1ones&background=0d1f3c&color=00e5ff&size=120&bold=true&rounded=true
Mexico,Orbelín Pineda,MID,92,,72.0,77.0,76.0,65.0,75.0,69.0,70.0,Right,16.0,11.0,9270.0,7000000.0,https://ui-avatars.com/api/?name=Orbel%C3%ADn%20Pineda&background=0d1f3c&color=00e5ff&size=120&bold=true&rounded=true
Mexico,Obed Vargas,MID,6,,70.0,65.0,58.0,70.0,75.0,69.0,62.0,Right,0.0,1.0,927.0,8000000.0,https://ui-avatars.com/api/?name=Obed%20Vargas&background=0d1f3c&color=00e5ff&size=120&bold=true&rounded=true
Mexico,Gilberto Mora,MID,8,,78.0,60.0,72.0,78.0,69.0,51.0,62.0,Right,1.0,0.0,1335.0,500000.0,https://ui-avatars.com/api/?name=Gilberto%20Mora&background=0d1f3c&color=00e5ff&size=120&bold=true&rounded=true
Mexico,Mateo Chávez,DEF,10,,78.0,58.0,35.0,53.0,50.0,76.0,73.0,Right,1.0,2.0,1135.0,4000000.0,https://ui-avatars.com/api/?name=Mateo%20Ch%C3%A1vez&background=0d1f3c&color=00e5ff&size=120&bold=true&rounded=true
Mexico,César Huerta,FWD,26,,77.0,79.0,74.0,57.0,72.0,25.0,73.0,Right,3.0,2.0,1352.0,5000000.0,https://ui-avatars.com/api/?name=C%C3%A9sar%20Huerta&background=0d1f3c&color=00e5ff&size=120&bold=true&rounded=true
Mexico,Guillermo Martínez,FWD,12,,87.0,50.0,30.0,55.0,40.0,25.0,78.0,Right,17.0,5.0,19519.0,3000000.0,https://ui-avatars.com/api/?name=Guillermo%20Mart%C3%ADnez&background=0d1f3c&color=00e5ff&size=120&bold=true&rounded=true
Mexico,Jesús Gallardo,DEF,121,,81.0,81.0,53.0,71.0,63.0,77.0,75.0,Right,,,,,https://ui-avatars.com/api/?name=Jes%C3%BAs%20Gallardo&background=0d1f3c&color=00e5ff&size=120&bold=true&rounded=true
Mexico,Luis Chávez,MID,45,,72.0,79.0,62.0,66.0,72.0,50.0,74.0,Right,7.0,6.0,4216.0,7000000.0,https://ui-avatars.com/api/?name=Luis%20Ch%C3%A1vez&background=0d1f3c&color=00e5ff&size=120&bold=true&rounded=true
Mexico,Roberto Alvarado,FWD,67,,70.0,76.0,79.0,70.0,74.0,28.0,60.0,Right,0.0,0.0,20639.0,500000.0,https://ui-avatars.com/api/?name=Roberto%20Alvarado&background=0d1f3c&color=00e5ff&size=120&bold=true&rounded=true
Mexico,Brian Gutiérrez,MID,7,,70.0,74.0,66.0,78.0,72.0,55.0,62.0,Right,2.0,7.0,9942.0,175000.0,https://ui-avatars.com/api/?name=Brian%20Guti%C3%A9rrez&background=0d1f3c&color=00e5ff&size=120&bold=true&rounded=true
South Africa,Ronwen Williams,GK,62,,83.0,93.0,74.0,76.0,86.0,35.0,68.0,Right,0.0,0.0,917.0,25000.0,https://ui-avatars.com/api/?name=Ronwen%20Williams&background=0d1f3c&color=00e5ff&size=120&bold=true&rounded=true
South Africa,Thabang Matuludi,DEF,3,,79.0,63.0,39.0,66.0,63.0,76.0,84.0,Right,,,,,https://ui-avatars.com/api/?name=Thabang%20Matuludi&background=0d1f3c&color=00e5ff&size=120&bold=true&rounded=true
South Africa,Khulumani Ndamane,DEF,5,,70.0,55.0,54.0,70.0,50.0,74.0,71.0,Right,,,,,https://ui-avatars.com/api/?name=Khulumani%20Ndamane&background=0d1f3c&color=00e5ff&size=120&bold=true&rounded=true
South Africa,Teboho Mokoena,MID,51,,76.0,67.0,76.0,67.0,75.0,63.0,77.0,Right,,,,,https://ui-avatars.com/api/?name=Teboho%20Mokoena&background=0d1f3c&color=00e5ff&size=120&bold=true&rounded=true
South Africa,Thalente Mbatha,MID,15,,73.0,80.0,56.0,74.0,69.0,75.0,76.0,Right,,,,,https://ui-avatars.com/api/?name=Thalente%20Mbatha&background=0d1f3c&color=00e5ff&size=120&bold=true&rounded=true
South Africa,Aubrey Modiba,DEF,44,,75.0,55.0,43.0,60.0,65.0,78.0,82.0,Right,,,,,https://ui-avatars.com/api/?name=Aubrey%20Modiba&background=0d1f3c&color=00e5ff&size=120&bold=true&rounded=true
South Africa,Oswin Appollis,FWD,26,,77.0,74.0,69.0,67.0,83.0,31.0,61.0,Right,,,,,https://ui-avatars.com/api/?name=Oswin%20Appollis&background=0d1f3c&color=00e5ff&size=120&bold=true&rounded=true
South Africa,Tshepang Moremi,FWD,10,,71.0,72.0,75.0,68.0,85.0,36.0,76.0,Right,,,,,https://ui-avatars.com/api/?name=Tshepang%20Moremi&background=0d1f3c&color=00e5ff&size=120&bold=true&rounded=true
South Africa,Lyle Foster,FWD,27,,74.0,86.0,79.0,56.0,73.0,41.0,77.0,Right,17.0,12.0,6387.0,10000000.0,https://ui-avatars.com/api/?name=Lyle%20Foster&background=0d1f3c&color=00e5ff&size=120&bold=true&rounded=true
South Africa,Relebohile Mofokeng,FWD,13,,77.0,77.0,82.0,65.0,83.0,29.0,58.0,Right,,,,,https://ui-avatars.com/api/?name=Relebohile%20Mofokeng&background=0d1f3c&color=00e5ff&size=120&bold=true&rounded=true
South Africa,Themba Zwane,MID,54,,75.0,78.0,66.0,76.0,72.0,56.0,63.0,Right,,,,,https://ui-avatars.com/api/?name=Themba%20Zwane&background=0d1f3c&color=00e5ff&size=120&bold=true&rounded=true
South Africa,Thapelo Maseko,FWD,10,,73.0,84.0,83.0,74.0,85.0,39.0,60.0,Right,,,,,https://ui-avatars.com/api/?name=Thapelo%20Maseko&background=0d1f3c&color=00e5ff&size=120&bold=true&rounded=true
South Africa,Sphephelo Sithole,MID,28,,74.0,65.0,74.0,80.0,80.0,67.0,69.0,Right,,,,,https://ui-avatars.com/api/?name=Sphephelo%20Sithole&background=0d1f3c&color=00e5ff&size=120&bold=true&rounded=true
South Africa,Mbekezeli Mbokazi,DEF,10,,70.0,71.0,53.0,54.0,58.0,83.0,74.0,Right,,,,,https://ui-avatars.com/api/?name=Mbekezeli%20Mbokazi&background=0d1f3c&color=00e5ff&size=120&bold=true&rounded=true
South Africa,Iqraam Rayners,FWD,14,,68.0,72.0,82.0,56.0,85.0,40.0,65.0,Right,,,,,https://ui-avatars.com/api/?name=Iqraam%20Rayners&background=0d1f3c&color=00e5ff&size=120&bold=true&rounded=true
South Africa,Sipho Chaine,GK,4,,72.0,40.0,32.0,46.0,44.0,22.0,70.0,Right,,,,,https://ui-avatars.com/api/?name=Sipho%20Chaine&background=0d1f3c&color=00e5ff&size=120&bold=true&rounded=true
South Africa,Evidence Makgopa,FWD,26,,74.0,74.0,79.0,70.0,74.0,29.0,71.0,Right,,,,,https://ui-avatars.com/api/?name=Evidence%20Makgopa&background=0d1f3c&color=00e5ff&size=120&bold=true&rounded=true
South Africa,Samukele Kabini,DEF,6,,79.0,59.0,49.0,66.0,63.0,75.0,74.0,Right,23.0,15.0,12906.0,2000000.0,https://ui-avatars.com/api/?name=Samukele%20Kabini&background=0d1f3c&color=00e5ff&size=120&bold=true&rounded=true
South Africa,Nkosinathi Sibisi,DEF,20,,79.0,70.0,50.0,70.0,56.0,75.0,70.0,Right,,,,,https://ui-avatars.com/api/?name=Nkosinathi%20Sibisi&background=0d1f3c&color=00e5ff&size=120&bold=true&rounded=true
South Africa,Khuliso Mudau,DEF,32,,72.0,77.0,44.0,71.0,54.0,75.0,71.0,Right,,,,,https://ui-avatars.com/api/?name=Khuliso%20Mudau&background=0d1f3c&color=00e5ff&size=120&bold=true&rounded=true
South Africa,Ime Okon,DEF,8,,71.0,64.0,53.0,50.0,54.0,84.0,73.0,Right,,,,,https://ui-avatars.com/api/?name=Ime%20Okon&background=0d1f3c&color=00e5ff&size=120&bold=true&rounded=true
South Africa,Ricardo Goss,GK,5,,75.0,46.0,21.0,56.0,41.0,21.0,72.0,Right,0.0,0.0,15.0,100000.0,https://ui-avatars.com/api/?name=Ricardo%20Goss&background=0d1f3c&color=00e5ff&size=120&bold=true&rounded=true
South Africa,Jayden Adams,MID,5,,76.0,74.0,58.0,72.0,72.0,78.0,76.0,Right,2.0,4.0,9356.0,20000000.0,https://ui-avatars.com/api/?name=Jayden%20Adams&background=0d1f3c&color=00e5ff&size=120&bold=true&rounded=true
South Africa,Olwethu Makhanya,DEF,1,,79.0,72.0,37.0,50.0,50.0,84.0,72.0,Right,,,,,https://ui-avatars.com/api/?name=Olwethu%20Makhanya&background=0d1f3c&color=00e5ff&size=120&bold=true&rounded=true
South Africa,Kamogelo Sebelebele,FWD,3,,78.0,76.0,79.0,57.0,72.0,25.0,65.0,Right,,,,,https://ui-avatars.com/api/?name=Kamogelo%20Sebelebele&background=0d1f3c&color=00e5ff&size=120&bold=true&rounded=true
South Africa,Bradley Cross,DEF,1,,77.0,65.0,46.0,62.0,61.0,73.0,82.0,Right,,,,,https://ui-avatars.com/api/?name=Bradley%20Cross&background=0d1f3c&color=00e5ff&size=120&bold=true&rounded=true
South Korea,Kim Seung-gyu,GK,87,,72.0,41.0,22.0,56.0,39.0,25.0,77.0,Right,0.0,0.0,43.0,50000.0,https://ui-avatars.com/api/?name=Kim%20Seung-gyu&background=0d1f3c&color=00e5ff&size=120&bold=true&rounded=true
South Korea,Lee Han-beom,DEF,8,,79.0,64.0,36.0,68.0,58.0,78.0,73.0,Right,3.0,7.0,3513.0,1800000.0,https://ui-avatars.com/api/?name=Lee%20Han-beom&background=0d1f3c&color=00e5ff&size=120&bold=true&rounded=true
South Korea,Lee Gi-hyuk,MID,3,,79.0,78.0,72.0,77.0,78.0,73.0,63.0,Right,,,,,https://ui-avatars.com/api/?name=Lee%20Gi-hyuk&background=0d1f3c&color=00e5ff&size=120&bold=true&rounded=true
South Korea,Kim Min-jae,DEF,79,,85.0,76.0,42.0,58.0,55.0,86.0,84.0,Right,8.0,5.0,15501.0,25000000.0,https://ui-avatars.com/api/?name=Kim%20Min-jae&background=0d1f3c&color=00e5ff&size=120&bold=true&rounded=true
South Korea,Kim Tae-hyeon,DEF,7,,78.0,75.0,38.0,59.0,54.0,80.0,77.0,Right,0.0,0.0,43.0,50000.0,https://ui-avatars.com/api/?name=Kim%20Tae-hyeon&background=0d1f3c&color=00e5ff&size=120&bold=true&rounded=true
South Korea,Hwang In-beom,MID,73,,72.0,74.0,57.0,80.0,71.0,67.0,76.0,Right,12.0,17.0,7877.0,8000000.0,https://ui-avatars.com/api/?name=Hwang%20In-beom&background=0d1f3c&color=00e5ff&size=120&bold=true&rounded=true
South Korea,Son Heung-min,FWD,144,,87.0,86.0,86.0,82.0,86.0,42.0,68.0,Right,208.0,112.0,40191.0,17000000.0,https://ui-avatars.com/api/?name=Son%20Heung-min&background=0d1f3c&color=00e5ff&size=120&bold=true&rounded=true
South Korea,Paik Seung-ho,MID,27,,76.0,81.0,77.0,69.0,79.0,66.0,72.0,Right,0.0,0.0,158.0,2500000.0,https://ui-avatars.com/api/?name=Paik%20Seung-ho&background=0d1f3c&color=00e5ff&size=120&bold=true&rounded=true
South Korea,Cho Gue-sung,FWD,44,,76.0,74.0,76.0,71.0,72.0,40.0,70.0,Right,18.0,2.0,4064.0,3000000.0,https://ui-avatars.com/api/?name=Cho%20Gue-sung&background=0d1f3c&color=00e5ff&size=120&bold=true&rounded=true
South Korea,Lee Jae-sung,MID,105,,80.0,76.0,71.0,68.0,79.0,58.0,78.0,Right,29.0,22.0,11133.0,2000000.0,https://ui-avatars.com/api/?name=Lee%20Jae-sung&background=0d1f3c&color=00e5ff&size=120&bold=true&rounded=true
South Korea,Hwang Hee-chan,MID,79,,81.0,66.0,61.0,78.0,82.0,69.0,78.0,Right,30.0,14.0,8526.0,8000000.0,https://ui-avatars.com/api/?name=Hwang%20Hee-chan&background=0d1f3c&color=00e5ff&size=120&bold=true&rounded=true
South Korea,Song Bum-keun,GK,3,,79.0,54.0,24.0,44.0,32.0,26.0,68.0,Right,1.0,1.0,3564.0,1000000.0,https://ui-avatars.com/api/?name=Song%20Bum-keun&background=0d1f3c&color=00e5ff&size=120&bold=true&rounded=true
South Korea,Lee Tae-seok,DEF,15,,80.0,75.0,38.0,70.0,65.0,80.0,76.0,Right,2.0,2.0,4074.0,225000.0,https://ui-avatars.com/api/?name=Lee%20Tae-seok&background=0d1f3c&color=00e5ff&size=120&bold=true&rounded=true
South Korea,Cho Wi-je,DEF,1,,74.0,64.0,41.0,63.0,54.0,74.0,76.0,Right,16.0,15.0,8042.0,15000000.0,https://ui-avatars.com/api/?name=Cho%20Wi-je&background=0d1f3c&color=00e5ff&size=120&bold=true&rounded=true
South Korea,Kim Moon-hwan,DEF,35,,80.0,65.0,52.0,64.0,61.0,80.0,79.0,Right,0.0,0.0,43.0,50000.0,https://ui-avatars.com/api/?name=Kim%20Moon-hwan&background=0d1f3c&color=00e5ff&size=120&bold=true&rounded=true
South Korea,Park Jin-seob,DEF,14,,79.0,66.0,51.0,55.0,56.0,84.0,77.0,Right,,,,,https://ui-avatars.com/api/?name=Park%20Jin-seob&background=0d1f3c&color=00e5ff&size=120&bold=true&rounded=true
South Korea,Bae Jun-ho,MID,13,,79.0,66.0,72.0,66.0,72.0,54.0,65.0,Right,1.0,0.0,130.0,3000000.0,https://ui-avatars.com/api/?name=Bae%20Jun-ho&background=0d1f3c&color=00e5ff&size=120&bold=true&rounded=true
South Korea,Oh Hyeon-gyu,FWD,27,,72.0,79.0,83.0,67.0,72.0,41.0,64.0,Right,31.0,8.0,4446.0,15000000.0,https://ui-avatars.com/api/?name=Oh%20Hyeon-gyu&background=0d1f3c&color=00e5ff&size=120&bold=true&rounded=true
South Korea,Lee Kang-in,MID,47,,78.0,70.0,58.0,68.0,73.0,77.0,78.0,Right,26.0,30.0,13226.0,28000000.0,https://ui-avatars.com/api/?name=Lee%20Kang-in&background=0d1f3c&color=00e5ff&size=120&bold=true&rounded=true
South Korea,Yang Hyun-jun,MID,9,,81.0,79.0,61.0,74.0,77.0,68.0,66.0,Right,14.0,11.0,4892.0,5000000.0,https://ui-avatars.com/api/?name=Yang%20Hyun-jun&background=0d1f3c&color=00e5ff&size=120&bold=true&rounded=true
South Korea,Jo Hyeon-woo,GK,48,,72.0,52.0,32.0,57.0,41.0,27.0,68.0,Right,0.0,0.0,1.0,100000.0,https://ui-avatars.com/api/?name=Jo%20Hyeon-woo&background=0d1f3c&color=00e5ff&size=120&bold=true&rounded=true
South Korea,Seol Young-woo,DEF,34,,81.0,62.0,43.0,56.0,50.0,74.0,82.0,Right,0.0,4.0,2212.0,5000000.0,https://ui-avatars.com/api/?name=Seol%20Young-woo&background=0d1f3c&color=00e5ff&size=120&bold=true&rounded=true
South Korea,Jens Castrop,DEF,7,,81.0,79.0,51.0,50.0,55.0,76.0,75.0,Right,3.0,1.0,1618.0,6000000.0,https://ui-avatars.com/api/?name=Jens%20Castrop&background=0d1f3c&color=00e5ff&size=120&bold=true&rounded=true
South Korea,Kim Jin-gyu,MID,22,,79.0,69.0,67.0,77.0,80.0,64.0,75.0,Right,0.0,0.0,43.0,50000.0,https://ui-avatars.com/api/?name=Kim%20Jin-gyu&background=0d1f3c&color=00e5ff&size=120&bold=true&rounded=true
South Korea,Eom Ji-sung,MID,9,,75.0,78.0,65.0,69.0,71.0,52.0,78.0,Right,1.0,1.0,260.0,1400000.0,https://ui-avatars.com/api/?name=Eom%20Ji-sung&background=0d1f3c&color=00e5ff&size=120&bold=true&rounded=true
South Korea,Lee Dong-gyeong,MID,18,,73.0,75.0,69.0,73.0,68.0,63.0,74.0,Right,2.0,2.0,4074.0,225000.0,https://ui-avatars.com/api/?name=Lee%20Dong-gyeong&background=0d1f3c&color=00e5ff&size=120&bold=true&rounded=true
Bosnia and Herzegovina,Nikola Vasilj,GK,26,,68.0,44.0,25.0,42.0,36.0,26.0,75.0,Right,0.0,0.0,8387.0,4500000.0,https://ui-avatars.com/api/?name=Nikola%20Vasilj&background=0d1f3c&color=00e5ff&size=120&bold=true&rounded=true
Bosnia and Herzegovina,Nihad Mujakić,DEF,12,,79.0,64.0,50.0,57.0,55.0,83.0,77.0,Right,2.0,2.0,9306.0,1200000.0,https://ui-avatars.com/api/?name=Nihad%20Mujaki%C4%87&background=0d1f3c&color=00e5ff&size=120&bold=true&rounded=true
Bosnia and Herzegovina,Dennis Hadžikadunić,DEF,32,,79.0,75.0,42.0,53.0,57.0,81.0,81.0,Right,3.0,3.0,6633.0,1300000.0,https://ui-avatars.com/api/?name=Dennis%20Had%C5%BEikaduni%C4%87&background=0d1f3c&color=00e5ff&size=120&bold=true&rounded=true
Bosnia and Herzegovina,Tarik Muharemović,DEF,14,,69.0,59.0,43.0,53.0,66.0,80.0,70.0,Right,2.0,2.0,2925.0,20000000.0,https://ui-avatars.com/api/?name=Tarik%20Muharemovi%C4%87&background=0d1f3c&color=00e5ff&size=120&bold=true&rounded=true
Bosnia and Herzegovina,Sead Kolašinac,DEF,65,,72.0,74.0,47.0,65.0,62.0,74.0,82.0,Right,16.0,35.0,28848.0,6000000.0,https://ui-avatars.com/api/?name=Sead%20Kola%C5%A1inac&background=0d1f3c&color=00e5ff&size=120&bold=true&rounded=true
Bosnia and Herzegovina,Benjamin Tahirović,MID,28,,73.0,75.0,73.0,69.0,82.0,74.0,61.0,Right,3.0,6.0,4594.0,4500000.0,https://ui-avatars.com/api/?name=Benjamin%20Tahirovi%C4%87&background=0d1f3c&color=00e5ff&size=120&bold=true&rounded=true
Bosnia and Herzegovina,Amar Dedić,DEF,28,,77.0,78.0,52.0,62.0,54.0,78.0,77.0,Right,1.0,8.0,4544.0,15000000.0,https://ui-avatars.com/api/?name=Amar%20Dedi%C4%87&background=0d1f3c&color=00e5ff&size=120&bold=true&rounded=true
Bosnia and Herzegovina,Armin Gigović,MID,20,,68.0,79.0,55.0,79.0,68.0,60.0,76.0,Right,11.0,5.0,6357.0,2500000.0,https://ui-avatars.com/api/?name=Armin%20Gigovi%C4%87&background=0d1f3c&color=00e5ff&size=120&bold=true&rounded=true
Bosnia and Herzegovina,Samed Baždar,FWD,13,,68.0,73.0,76.0,57.0,72.0,40.0,63.0,Right,0.0,1.0,45.0,1500000.0,https://ui-avatars.com/api/?name=Samed%20Ba%C5%BEdar&background=0d1f3c&color=00e5ff&size=120&bold=true&rounded=true
Bosnia and Herzegovina,Ermedin Demirović,FWD,40,,79.0,88.0,72.0,59.0,77.0,27.0,62.0,Right,67.0,42.0,13511.0,22000000.0,https://ui-avatars.com/api/?name=Ermedin%20Demirovi%C4%87&background=0d1f3c&color=00e5ff&size=120&bold=true&rounded=true
Bosnia and Herzegovina,Edin Džeko,FWD,148,,72.0,76.0,77.0,64.0,74.0,41.0,71.0,Right,234.0,110.0,39300.0,1500000.0,https://ui-avatars.com/api/?name=Edin%20D%C5%BEeko&background=0d1f3c&color=00e5ff&size=120&bold=true&rounded=true
Bosnia and Herzegovina,Mladen Jurkas,GK,0,,76.0,53.0,20.0,58.0,42.0,21.0,78.0,Right,,,,,https://ui-avatars.com/api/?name=Mladen%20Jurkas&background=0d1f3c&color=00e5ff&size=120&bold=true&rounded=true
Bosnia and Herzegovina,Ivan Bašić,MID,17,,68.0,74.0,62.0,66.0,79.0,57.0,66.0,Right,0.0,2.0,2409.0,600000.0,https://ui-avatars.com/api/?name=Ivan%20Ba%C5%A1i%C4%87&background=0d1f3c&color=00e5ff&size=120&bold=true&rounded=true
Bosnia and Herzegovina,Ivan Šunjić,MID,11,,77.0,59.0,76.0,67.0,78.0,67.0,71.0,Right,0.0,2.0,2409.0,600000.0,https://ui-avatars.com/api/?name=Ivan%20%C5%A0unji%C4%87&background=0d1f3c&color=00e5ff&size=120&bold=true&rounded=true
Bosnia and Herzegovina,Amar Memić,MID,13,,68.0,79.0,66.0,69.0,81.0,76.0,76.0,Right,0.0,2.0,1428.0,4500000.0,https://ui-avatars.com/api/?name=Amar%20Memi%C4%87&background=0d1f3c&color=00e5ff&size=120&bold=true&rounded=true
Bosnia and Herzegovina,Amir Hadžiahmetović,MID,36,,74.0,72.0,59.0,78.0,69.0,60.0,78.0,Right,15.0,27.0,18283.0,4200000.0,https://ui-avatars.com/api/?name=Amir%20Had%C5%BEiahmetovi%C4%87&background=0d1f3c&color=00e5ff&size=120&bold=true&rounded=true
Bosnia and Herzegovina,Dženis Burnić,MID,20,,74.0,63.0,56.0,70.0,69.0,51.0,77.0,Right,0.0,0.0,635.0,1200000.0,https://ui-avatars.com/api/?name=D%C5%BEenis%20Burni%C4%87&background=0d1f3c&color=00e5ff&size=120&bold=true&rounded=true
Bosnia and Herzegovina,Nikola Katić,DEF,17,,78.0,73.0,36.0,69.0,55.0,72.0,77.0,Right,4.0,2.0,5025.0,1800000.0,https://ui-avatars.com/api/?name=Nikola%20Kati%C4%87&background=0d1f3c&color=00e5ff&size=120&bold=true&rounded=true
Bosnia and Herzegovina,Kerim Alajbegović,FWD,10,,79.0,81.0,70.0,71.0,76.0,28.0,67.0,Right,2.0,1.0,436.0,15000000.0,https://ui-avatars.com/api/?name=Kerim%20Alajbegovi%C4%87&background=0d1f3c&color=00e5ff&size=120&bold=true&rounded=true
Bosnia and Herzegovina,Esmir Bajraktarević,FWD,16,,75.0,88.0,77.0,71.0,83.0,29.0,59.0,Right,7.0,5.0,1447.0,5000000.0,https://ui-avatars.com/api/?name=Esmir%20Bajraktarevi%C4%87&background=0d1f3c&color=00e5ff&size=120&bold=true&rounded=true
Bosnia and Herzegovina,Stjepan Radeljić,DEF,5,,73.0,75.0,36.0,62.0,60.0,82.0,80.0,Right,0.0,0.0,570.0,2800000.0,https://ui-avatars.com/api/?name=Stjepan%20Radelji%C4%87&background=0d1f3c&color=00e5ff&size=120&bold=true&rounded=true
Bosnia and Herzegovina,Martin Zlomislić,GK,3,,70.0,54.0,28.0,55.0,44.0,23.0,72.0,Right,0.0,0.0,570.0,2000000.0,https://ui-avatars.com/api/?name=Martin%20Zlomisli%C4%87&background=0d1f3c&color=00e5ff&size=120&bold=true&rounded=true
Bosnia and Herzegovina,Haris Tabaković,FWD,10,,71.0,79.0,71.0,57.0,74.0,29.0,75.0,Right,19.0,5.0,3795.0,3000000.0,https://ui-avatars.com/api/?name=Haris%20Tabakovi%C4%87&background=0d1f3c&color=00e5ff&size=120&bold=true&rounded=true
Bosnia and Herzegovina,Arjan Malić,DEF,8,,79.0,64.0,56.0,70.0,55.0,72.0,74.0,Right,1.0,0.0,648.0,1800000.0,https://ui-avatars.com/api/?name=Arjan%20Mali%C4%87&background=0d1f3c&color=00e5ff&size=120&bold=true&rounded=true
Bosnia and Herzegovina,Jovo Lukić,FWD,3,,76.0,83.0,77.0,68.0,73.0,41.0,71.0,Right,1.0,0.0,130.0,1500000.0,https://ui-avatars.com/api/?name=Jovo%20Luki%C4%87&background=0d1f3c&color=00e5ff&size=120&bold=true&rounded=true
Bosnia and Herzegovina,Ermin Mahmić,MID,2,,77.0,70.0,63.0,79.0,76.0,71.0,74.0,Right,,,,,https://ui-avatars.com/api/?name=Ermin%20Mahmi%C4%87&background=0d1f3c&color=00e5ff&size=120&bold=true&rounded=true
Canada,Dayne St. Clair,GK,20,,75.0,53.0,30.0,55.0,42.0,18.0,74.0,Right,,,,,https://ui-avatars.com/api/?name=Dayne%20St.%20Clair&background=0d1f3c&color=00e5ff&size=120&bold=true&rounded=true
Canada,Alistair Johnston,DEF,58,,71.0,55.0,42.0,66.0,52.0,84.0,73.0,Right,6.0,18.0,8646.0,8000000.0,https://ui-avatars.com/api/?name=Alistair%20Johnston&background=0d1f3c&color=00e5ff&size=120&bold=true&rounded=true
Canada,Alfie Jones,DEF,2,,75.0,76.0,48.0,63.0,51.0,84.0,79.0,Right,1.0,0.0,1336.0,6000000.0,https://ui-avatars.com/api/?name=Alfie%20Jones&background=0d1f3c&color=00e5ff&size=120&bold=true&rounded=true
Canada,Luc de Fougerolles,DEF,13,,78.0,78.0,53.0,56.0,52.0,78.0,83.0,Right,0.0,1.0,1550.0,1000000.0,https://ui-avatars.com/api/?name=Luc%20de%20Fougerolles&background=0d1f3c&color=00e5ff&size=120&bold=true&rounded=true
Canada,Joel Waterman,DEF,17,,78.0,69.0,47.0,67.0,55.0,74.0,72.0,Right,10.0,3.0,5777.0,200000.0,https://ui-avatars.com/api/?name=Joel%20Waterman&background=0d1f3c&color=00e5ff&size=120&bold=true&rounded=true
Canada,Mathieu Choinière,MID,23,,76.0,80.0,59.0,74.0,74.0,74.0,76.0,Right,,,,,https://ui-avatars.com/api/?name=Mathieu%20Choini%C3%A8re&background=0d1f3c&color=00e5ff&size=120&bold=true&rounded=true
Canada,Stephen Eustáquio,MID,56,,74.0,79.0,66.0,81.0,80.0,69.0,63.0,Right,17.0,13.0,17009.0,7000000.0,https://ui-avatars.com/api/?name=Stephen%20Eust%C3%A1quio&background=0d1f3c&color=00e5ff&size=120&bold=true&rounded=true
Canada,Ismaël Koné,MID,40,,77.0,60.0,63.0,77.0,69.0,64.0,63.0,Right,8.0,1.0,3601.0,20000000.0,https://ui-avatars.com/api/?name=Isma%C3%ABl%20Kon%C3%A9&background=0d1f3c&color=00e5ff&size=120&bold=true&rounded=true
Canada,Cyle Larin,FWD,90,,73.0,73.0,82.0,62.0,79.0,41.0,69.0,Right,66.0,27.0,14643.0,3500000.0,https://ui-avatars.com/api/?name=Cyle%20Larin&background=0d1f3c&color=00e5ff&size=120&bold=true&rounded=true
Canada,Jonathan David,FWD,77,,83.0,84.0,82.0,68.0,80.0,32.0,72.0,Right,141.0,42.0,23204.0,35000000.0,https://ui-avatars.com/api/?name=Jonathan%20David&background=0d1f3c&color=00e5ff&size=120&bold=true&rounded=true
Canada,Liam Millar,MID,41,,70.0,67.0,63.0,69.0,73.0,69.0,61.0,Right,2.0,2.0,1398.0,1700000.0,https://ui-avatars.com/api/?name=Liam%20Millar&background=0d1f3c&color=00e5ff&size=120&bold=true&rounded=true
Canada,Tani Oluwaseyi,FWD,24,,78.0,84.0,73.0,59.0,80.0,25.0,63.0,Right,7.0,2.0,1535.0,8000000.0,https://ui-avatars.com/api/?name=Tani%20Oluwaseyi&background=0d1f3c&color=00e5ff&size=120&bold=true&rounded=true
Canada,Derek Cornelius,DEF,44,,73.0,77.0,50.0,53.0,60.0,79.0,76.0,Right,3.0,3.0,5709.0,2500000.0,https://ui-avatars.com/api/?name=Derek%20Cornelius&background=0d1f3c&color=00e5ff&size=120&bold=true&rounded=true
Canada,Jacob Shaffelburg,MID,31,,76.0,80.0,57.0,72.0,72.0,53.0,65.0,Right,0.0,1.0,2625.0,650000.0,https://ui-avatars.com/api/?name=Jacob%20Shaffelburg&background=0d1f3c&color=00e5ff&size=120&bold=true&rounded=true
Canada,Moïse Bombito,DEF,20,,69.0,74.0,45.0,53.0,64.0,77.0,75.0,Right,0.0,0.0,2881.0,8000000.0,https://ui-avatars.com/api/?name=Mo%C3%AFse%20Bombito&background=0d1f3c&color=00e5ff&size=120&bold=true&rounded=true
Canada,Maxime Crépeau,GK,32,,68.0,53.0,27.0,45.0,32.0,26.0,66.0,Right,,,,,https://ui-avatars.com/api/?name=Maxime%20Cr%C3%A9peau&background=0d1f3c&color=00e5ff&size=120&bold=true&rounded=true
Canada,Tajon Buchanan,FWD,60,,78.0,79.0,77.0,73.0,84.0,36.0,62.0,Right,13.0,13.0,7163.0,12000000.0,https://ui-avatars.com/api/?name=Tajon%20Buchanan&background=0d1f3c&color=00e5ff&size=120&bold=true&rounded=true
Canada,Owen Goodman,GK,0,,73.0,49.0,25.0,43.0,32.0,21.0,65.0,Right,,,,,https://ui-avatars.com/api/?name=Owen%20Goodman&background=0d1f3c&color=00e5ff&size=120&bold=true&rounded=true
Canada,Alphonso Davies,DEF,58,,83.0,94.0,60.0,72.0,82.0,76.0,76.0,Right,15.0,40.0,17571.0,45000000.0,https://ui-avatars.com/api/?name=Alphonso%20Davies&background=0d1f3c&color=00e5ff&size=120&bold=true&rounded=true
Canada,Ali Ahmed,FWD,24,,71.0,88.0,79.0,69.0,72.0,38.0,63.0,Right,1.0,0.0,2011.0,150000.0,https://ui-avatars.com/api/?name=Ali%20Ahmed&background=0d1f3c&color=00e5ff&size=120&bold=true&rounded=true
Canada,Jonathan Osorio,MID,90,,72.0,68.0,58.0,77.0,78.0,52.0,60.0,Right,5.0,11.0,4706.0,800000.0,https://ui-avatars.com/api/?name=Jonathan%20Osorio&background=0d1f3c&color=00e5ff&size=120&bold=true&rounded=true
Canada,Richie Laryea,DEF,75,,73.0,72.0,44.0,54.0,59.0,83.0,71.0,Right,,,,,https://ui-avatars.com/api/?name=Richie%20Laryea&background=0d1f3c&color=00e5ff&size=120&bold=true&rounded=true
Canada,Niko Sigur,DEF,19,,75.0,56.0,54.0,50.0,54.0,80.0,70.0,Right,0.0,0.0,155.0,4000000.0,https://ui-avatars.com/api/?name=Niko%20Sigur&background=0d1f3c&color=00e5ff&size=120&bold=true&rounded=true
Canada,Promise David,FWD,10,,83.0,84.0,82.0,68.0,80.0,32.0,72.0,Right,23.0,6.0,3501.0,17000000.0,https://ui-avatars.com/api/?name=Promise%20David&background=0d1f3c&color=00e5ff&size=120&bold=true&rounded=true
Canada,Nathan Saliba,MID,15,,86.0,78.0,40.0,62.0,60.0,87.0,84.0,Right,9.0,5.0,2846.0,2000000.0,https://ui-avatars.com/api/?name=Nathan%20Saliba&background=0d1f3c&color=00e5ff&size=120&bold=true&rounded=true
Canada,Jayden Nelson,FWD,14,,76.0,82.0,82.0,60.0,78.0,27.0,74.0,Right,0.0,0.0,45.0,,https://ui-avatars.com/api/?name=Jayden%20Nelson&background=0d1f3c&color=00e5ff&size=120&bold=true&rounded=true
Qatar,Mahmud Abunada,GK,5,,72.0,53.0,31.0,51.0,31.0,22.0,72.0,Right,,,,,https://ui-avatars.com/api/?name=Mahmud%20Abunada&background=0d1f3c&color=00e5ff&size=120&bold=true&rounded=true
Qatar,Pedro Miguel,DEF,99,,78.0,63.0,36.0,61.0,52.0,74.0,70.0,Right,2.0,7.0,4738.0,150000.0,https://ui-avatars.com/api/?name=Pedro%20Miguel&background=0d1f3c&color=00e5ff&size=120&bold=true&rounded=true
Qatar,Lucas Mendes,DEF,25,,75.0,76.0,42.0,60.0,58.0,76.0,83.0,Right,3.0,2.0,4696.0,350000.0,https://ui-avatars.com/api/?name=Lucas%20Mendes&background=0d1f3c&color=00e5ff&size=120&bold=true&rounded=true
Qatar,Issa Laye,DEF,4,,79.0,57.0,55.0,54.0,54.0,74.0,80.0,Right,,,,,https://ui-avatars.com/api/?name=Issa%20Laye&background=0d1f3c&color=00e5ff&size=120&bold=true&rounded=true
Qatar,Jassem Gaber,DEF,32,,77.0,58.0,47.0,59.0,67.0,79.0,77.0,Right,,,,,https://ui-avatars.com/api/?name=Jassem%20Gaber&background=0d1f3c&color=00e5ff&size=120&bold=true&rounded=true
Qatar,Abdulaziz Hatem,MID,117,,74.0,65.0,68.0,70.0,68.0,72.0,74.0,Right,,,,,https://ui-avatars.com/api/?name=Abdulaziz%20Hatem&background=0d1f3c&color=00e5ff&size=120&bold=true&rounded=true
Qatar,Ahmed Alaaeldin,FWD,68,,68.0,88.0,68.0,69.0,78.0,26.0,71.0,Right,0.0,2.0,443.0,150000.0,https://ui-avatars.com/api/?name=Ahmed%20Alaaeldin&background=0d1f3c&color=00e5ff&size=120&bold=true&rounded=true
Qatar,Edmilson Junior,FWD,16,,92.0,95.0,85.0,80.0,94.0,30.0,68.0,Right,17.0,13.0,6366.0,1800000.0,https://ui-avatars.com/api/?name=Edmilson%20Junior&background=0d1f3c&color=00e5ff&size=120&bold=true&rounded=true
Qatar,Mohammed Muntari,FWD,67,,72.0,79.0,75.0,73.0,78.0,30.0,63.0,Right,0.0,1.0,625.0,150000.0,https://ui-avatars.com/api/?name=Mohammed%20Muntari&background=0d1f3c&color=00e5ff&size=120&bold=true&rounded=true
Qatar,Hassan Al-Haydos,FWD,186,,70.0,78.0,70.0,62.0,81.0,39.0,72.0,Right,,,,,https://ui-avatars.com/api/?name=Hassan%20Al-Haydos&background=0d1f3c&color=00e5ff&size=120&bold=true&rounded=true
Qatar,Akram Afif,FWD,125,,68.0,78.0,78.0,58.0,84.0,30.0,58.0,Right,1.0,3.0,1436.0,8000000.0,https://ui-avatars.com/api/?name=Akram%20Afif&background=0d1f3c&color=00e5ff&size=120&bold=true&rounded=true
Qatar,Karim Boudiaf,MID,118,,72.0,80.0,55.0,68.0,73.0,51.0,69.0,Right,4.0,4.0,2608.0,50000.0,https://ui-avatars.com/api/?name=Karim%20Boudiaf&background=0d1f3c&color=00e5ff&size=120&bold=true&rounded=true
Qatar,Ayoub Al-Oui,DEF,6,,72.0,81.0,44.0,50.0,55.0,84.0,84.0,Right,,,,,https://ui-avatars.com/api/?name=Ayoub%20Al-Oui&background=0d1f3c&color=00e5ff&size=120&bold=true&rounded=true
Qatar,Homam Ahmed,DEF,68,,71.0,67.0,54.0,64.0,57.0,76.0,82.0,Right,1.0,0.0,2011.0,150000.0,https://ui-avatars.com/api/?name=Homam%20Ahmed&background=0d1f3c&color=00e5ff&size=120&bold=true&rounded=true
Qatar,Yusuf Abdurisag,FWD,39,,71.0,83.0,80.0,56.0,82.0,28.0,61.0,Right,23.0,34.0,10317.0,4000000.0,https://ui-avatars.com/api/?name=Yusuf%20Abdurisag&background=0d1f3c&color=00e5ff&size=120&bold=true&rounded=true
Qatar,Boualem Khoukhi,DEF,116,,77.0,65.0,39.0,69.0,60.0,81.0,77.0,Right,,,,,https://ui-avatars.com/api/?name=Boualem%20Khoukhi&background=0d1f3c&color=00e5ff&size=120&bold=true&rounded=true
Qatar,Ahmed Al-Ganehi,MID,13,,73.0,63.0,62.0,79.0,77.0,63.0,70.0,Right,0.0,2.0,443.0,150000.0,https://ui-avatars.com/api/?name=Ahmed%20Al-Ganehi&background=0d1f3c&color=00e5ff&size=120&bold=true&rounded=true
Qatar,Sultan Al-Brake,DEF,17,,79.0,80.0,47.0,57.0,67.0,80.0,70.0,Right,0.0,0.0,26.0,25000.0,https://ui-avatars.com/api/?name=Sultan%20Al-Brake&background=0d1f3c&color=00e5ff&size=120&bold=true&rounded=true
Qatar,Almoez Ali,FWD,115,,75.0,82.0,79.0,66.0,75.0,40.0,61.0,Right,1.0,3.0,8729.0,100000.0,https://ui-avatars.com/api/?name=Almoez%20Ali&background=0d1f3c&color=00e5ff&size=120&bold=true&rounded=true
Qatar,Ahmed Fathy,MID,48,,72.0,81.0,59.0,72.0,82.0,59.0,76.0,Right,1.0,0.0,2011.0,150000.0,https://ui-avatars.com/api/?name=Ahmed%20Fathy&background=0d1f3c&color=00e5ff&size=120&bold=true&rounded=true
Qatar,Salah Zakaria,GK,8,,77.0,48.0,25.0,58.0,42.0,25.0,73.0,Right,0.0,0.0,1037.0,450000.0,https://ui-avatars.com/api/?name=Salah%20Zakaria&background=0d1f3c&color=00e5ff&size=120&bold=true&rounded=true
Qatar,Meshaal Barsham,GK,52,,73.0,50.0,26.0,40.0,43.0,22.0,69.0,Right,,,,,https://ui-avatars.com/api/?name=Meshaal%20Barsham&background=0d1f3c&color=00e5ff&size=120&bold=true&rounded=true
Qatar,Assim Madibo,MID,51,,77.0,71.0,58.0,65.0,82.0,71.0,78.0,Right,0.0,0.0,1751.0,200000.0,https://ui-avatars.com/api/?name=Assim%20Madibo&background=0d1f3c&color=00e5ff&size=120&bold=true&rounded=true
Qatar,Tahsin Jamshid,FWD,3,,75.0,86.0,72.0,69.0,80.0,33.0,67.0,Right,,,,,https://ui-avatars.com/api/?name=Tahsin%20Jamshid&background=0d1f3c&color=00e5ff&size=120&bold=true&rounded=true
Qatar,Al-Hashmi Al-Hussain,DEF,8,,71.0,79.0,55.0,58.0,52.0,75.0,78.0,Right,,,,,https://ui-avatars.com/api/?name=Al-Hashmi%20Al-Hussain&background=0d1f3c&color=00e5ff&size=120&bold=true&rounded=true
Qatar,Mohamed Manai,FWD,10,,77.0,82.0,73.0,56.0,78.0,26.0,74.0,Right,0.0,1.0,625.0,150000.0,https://ui-avatars.com/api/?name=Mohamed%20Manai&background=0d1f3c&color=00e5ff&size=120&bold=true&rounded=true
Switzerland,Gregor Kobel,GK,21,,72.0,45.0,27.0,46.0,33.0,23.0,69.0,Right,0.0,0.0,24501.0,40000000.0,https://ui-avatars.com/api/?name=Gregor%20Kobel&background=0d1f3c&color=00e5ff&size=120&bold=true&rounded=true
Switzerland,Miro Muheim,DEF,10,,77.0,55.0,51.0,60.0,67.0,76.0,70.0,Right,0.0,6.0,2767.0,5000000.0,https://ui-avatars.com/api/?name=Miro%20Muheim&background=0d1f3c&color=00e5ff&size=120&bold=true&rounded=true
Switzerland,Silvan Widmer,DEF,60,,76.0,71.0,54.0,58.0,66.0,75.0,75.0,Right,14.0,30.0,19739.0,800000.0,https://ui-avatars.com/api/?name=Silvan%20Widmer&background=0d1f3c&color=00e5ff&size=120&bold=true&rounded=true
Switzerland,Nico Elvedi,DEF,67,,75.0,62.0,51.0,56.0,50.0,84.0,83.0,Right,19.0,13.0,31141.0,8000000.0,https://ui-avatars.com/api/?name=Nico%20Elvedi&background=0d1f3c&color=00e5ff&size=120&bold=true&rounded=true
Switzerland,Manuel Akanji,DEF,81,,84.0,72.0,42.0,65.0,65.0,85.0,82.0,Right,11.0,6.0,28358.0,18000000.0,https://ui-avatars.com/api/?name=Manuel%20Akanji&background=0d1f3c&color=00e5ff&size=120&bold=true&rounded=true
Switzerland,Denis Zakaria,MID,65,,76.0,76.0,73.0,81.0,80.0,65.0,67.0,Right,26.0,14.0,19463.0,25000000.0,https://ui-avatars.com/api/?name=Denis%20Zakaria&background=0d1f3c&color=00e5ff&size=120&bold=true&rounded=true
Switzerland,Breel Embolo,FWD,86,,72.0,89.0,68.0,68.0,74.0,39.0,75.0,Right,67.0,44.0,16342.0,12000000.0,https://ui-avatars.com/api/?name=Breel%20Embolo&background=0d1f3c&color=00e5ff&size=120&bold=true&rounded=true
Switzerland,Remo Freuler,MID,88,,71.0,79.0,71.0,70.0,70.0,53.0,60.0,Right,24.0,28.0,33372.0,4000000.0,https://ui-avatars.com/api/?name=Remo%20Freuler&background=0d1f3c&color=00e5ff&size=120&bold=true&rounded=true
Switzerland,Johan Manzambi,MID,12,,77.0,80.0,61.0,67.0,83.0,59.0,69.0,Right,9.0,11.0,3954.0,35000000.0,https://ui-avatars.com/api/?name=Johan%20Manzambi&background=0d1f3c&color=00e5ff&size=120&bold=true&rounded=true
Switzerland,Granit Xhaka,MID,146,,84.0,52.0,75.0,82.0,76.0,78.0,82.0,Right,37.0,52.0,45962.0,10000000.0,https://ui-avatars.com/api/?name=Granit%20Xhaka&background=0d1f3c&color=00e5ff&size=120&bold=true&rounded=true
Switzerland,Dan Ndoye,FWD,31,,72.0,85.0,69.0,55.0,78.0,31.0,65.0,Right,14.0,12.0,7744.0,35000000.0,https://ui-avatars.com/api/?name=Dan%20Ndoye&background=0d1f3c&color=00e5ff&size=120&bold=true&rounded=true
Switzerland,Yvon Mvogo,GK,13,,70.0,48.0,26.0,42.0,37.0,24.0,75.0,Right,0.0,0.0,13944.0,3000000.0,https://ui-avatars.com/api/?name=Yvon%20Mvogo&background=0d1f3c&color=00e5ff&size=120&bold=true&rounded=true
Switzerland,Ricardo Rodriguez,DEF,138,,78.0,60.0,78.0,85.0,82.0,38.0,55.0,Right,27.0,39.0,36447.0,1500000.0,https://ui-avatars.com/api/?name=Ricardo%20Rodriguez&background=0d1f3c&color=00e5ff&size=120&bold=true&rounded=true
Switzerland,Ardon Jashari,MID,8,,77.0,79.0,69.0,69.0,70.0,68.0,60.0,Right,2.0,5.0,3654.0,30000000.0,https://ui-avatars.com/api/?name=Ardon%20Jashari&background=0d1f3c&color=00e5ff&size=120&bold=true&rounded=true
Switzerland,Djibril Sow,MID,52,,81.0,72.0,62.0,66.0,70.0,73.0,73.0,Right,16.0,20.0,18874.0,7500000.0,https://ui-avatars.com/api/?name=Djibril%20Sow&background=0d1f3c&color=00e5ff&size=120&bold=true&rounded=true
Switzerland,Christian Fassnacht,FWD,23,,77.0,85.0,78.0,70.0,75.0,29.0,71.0,Right,1.0,0.0,413.0,2000000.0,https://ui-avatars.com/api/?name=Christian%20Fassnacht&background=0d1f3c&color=00e5ff&size=120&bold=true&rounded=true
Switzerland,Rubén Vargas,FWD,61,,76.0,87.0,69.0,61.0,81.0,31.0,58.0,Right,28.0,26.0,12261.0,12000000.0,https://ui-avatars.com/api/?name=Rub%C3%A9n%20Vargas&background=0d1f3c&color=00e5ff&size=120&bold=true&rounded=true
Switzerland,Eray Cömert,DEF,22,,76.0,75.0,53.0,65.0,68.0,75.0,82.0,Right,5.0,1.0,8362.0,2500000.0,https://ui-avatars.com/api/?name=Eray%20C%C3%B6mert&background=0d1f3c&color=00e5ff&size=120&bold=true&rounded=true
Switzerland,Noah Okafor,FWD,25,,81.0,89.0,69.0,55.0,76.0,35.0,67.0,Right,15.0,8.0,3576.0,18000000.0,https://ui-avatars.com/api/?name=Noah%20Okafor&background=0d1f3c&color=00e5ff&size=120&bold=true&rounded=true
Switzerland,Michel Aebischer,MID,40,,71.0,60.0,77.0,76.0,71.0,54.0,64.0,Right,3.0,7.0,9205.0,4500000.0,https://ui-avatars.com/api/?name=Michel%20Aebischer&background=0d1f3c&color=00e5ff&size=120&bold=true&rounded=true
Switzerland,Marvin Keller,GK,1,,75.0,53.0,28.0,41.0,34.0,20.0,68.0,Right,0.0,0.0,1408.0,7000000.0,https://ui-avatars.com/api/?name=Marvin%20Keller&background=0d1f3c&color=00e5ff&size=120&bold=true&rounded=true
Switzerland,Fabian Rieder,MID,28,,79.0,79.0,66.0,81.0,77.0,73.0,73.0,Right,11.0,12.0,4555.0,8000000.0,https://ui-avatars.com/api/?name=Fabian%20Rieder&background=0d1f3c&color=00e5ff&size=120&bold=true&rounded=true
Switzerland,Zeki Amdouni,FWD,29,,76.0,88.0,69.0,73.0,72.0,38.0,66.0,Right,14.0,4.0,3285.0,9000000.0,https://ui-avatars.com/api/?name=Zeki%20Amdouni&background=0d1f3c&color=00e5ff&size=120&bold=true&rounded=true
Switzerland,Aurèle Amenda,DEF,7,,77.0,56.0,47.0,56.0,58.0,77.0,75.0,Right,0.0,0.0,2100.0,8000000.0,https://ui-avatars.com/api/?name=Aur%C3%A8le%20Amenda&background=0d1f3c&color=00e5ff&size=120&bold=true&rounded=true
Switzerland,Luca Jaquez,DEF,3,,80.0,68.0,38.0,62.0,51.0,78.0,74.0,Right,1.0,1.0,1901.0,10000000.0,https://ui-avatars.com/api/?name=Luca%20Jaquez&background=0d1f3c&color=00e5ff&size=120&bold=true&rounded=true
Switzerland,Cedric Itten,FWD,15,,80.0,77.0,69.0,64.0,75.0,33.0,63.0,Right,10.0,2.0,2213.0,1800000.0,https://ui-avatars.com/api/?name=Cedric%20Itten&background=0d1f3c&color=00e5ff&size=120&bold=true&rounded=true
Brazil,Alisson,GK,78,,89.0,52.0,25.0,60.0,42.0,28.0,82.0,Right,1.0,4.0,35440.0,17000000.0,https://ui-avatars.com/api/?name=Alisson&background=0d1f3c&color=00e5ff&size=120&bold=true&rounded=true
Brazil,Éderson Silva,MID,3,,87.0,72.0,75.0,86.0,90.0,62.0,65.0,Right,58.0,27.0,12694.0,200000.0,https://ui-avatars.com/api/?name=%C3%89derson%20Silva&background=0d1f3c&color=00e5ff&size=120&bold=true&rounded=true
Brazil,Gabriel Magalhães,DEF,17,,75.0,71.0,39.0,55.0,61.0,78.0,74.0,Right,0.0,0.0,4302.0,500000.0,https://ui-avatars.com/api/?name=Gabriel%20Magalh%C3%A3es&background=0d1f3c&color=00e5ff&size=120&bold=true&rounded=true
Brazil,Marquinhos,DEF,105,,86.0,72.0,52.0,68.0,70.0,87.0,82.0,Right,37.0,12.0,40689.0,30000000.0,https://ui-avatars.com/api/?name=Marquinhos&background=0d1f3c&color=00e5ff&size=120&bold=true&rounded=true
Brazil,Casemiro,MID,86,,83.0,79.0,75.0,70.0,78.0,57.0,61.0,Right,54.0,41.0,37169.0,8000000.0,https://ui-avatars.com/api/?name=Casemiro&background=0d1f3c&color=00e5ff&size=120&bold=true&rounded=true
Brazil,Alex Sandro,DEF,45,,85.0,67.0,55.0,56.0,59.0,84.0,70.0,Right,17.0,39.0,31460.0,1500000.0,https://ui-avatars.com/api/?name=Alex%20Sandro&background=0d1f3c&color=00e5ff&size=120&bold=true&rounded=true
Brazil,Vinícius Júnior,FWD,49,,92.0,95.0,85.0,80.0,94.0,30.0,68.0,Right,1.0,2.0,2090.0,100000.0,https://ui-avatars.com/api/?name=Vin%C3%ADcius%20J%C3%BAnior&background=0d1f3c&color=00e5ff&size=120&bold=true&rounded=true
Brazil,Bruno Guimarães,MID,43,,85.0,65.0,72.0,82.0,83.0,80.0,80.0,Right,34.0,38.0,19126.0,75000000.0,https://ui-avatars.com/api/?name=Bruno%20Guimar%C3%A3es&background=0d1f3c&color=00e5ff&size=120&bold=true&rounded=true
Brazil,Matheus Cunha,FWD,23,,83.0,85.0,83.0,56.0,83.0,35.0,58.0,Right,72.0,39.0,16448.0,70000000.0,https://ui-avatars.com/api/?name=Matheus%20Cunha&background=0d1f3c&color=00e5ff&size=120&bold=true&rounded=true
Brazil,Neymar,FWD,128,,76.0,75.0,70.0,65.0,79.0,35.0,61.0,Right,212.0,143.0,28364.0,10000000.0,https://ui-avatars.com/api/?name=Neymar&background=0d1f3c&color=00e5ff&size=120&bold=true&rounded=true
Brazil,Raphinha,FWD,39,,85.0,86.0,80.0,78.0,85.0,45.0,68.0,Right,129.0,91.0,27426.0,80000000.0,https://ui-avatars.com/api/?name=Raphinha&background=0d1f3c&color=00e5ff&size=120&bold=true&rounded=true
Brazil,Weverton,GK,11,,74.0,50.0,26.0,47.0,32.0,23.0,66.0,Right,0.0,0.0,480.0,700000.0,https://ui-avatars.com/api/?name=Weverton&background=0d1f3c&color=00e5ff&size=120&bold=true&rounded=true
Brazil,Danilo Luiz,DEF,70,,80.0,69.0,56.0,71.0,54.0,79.0,70.0,Right,12.0,2.0,29678.0,300000.0,https://ui-avatars.com/api/?name=Danilo%20Luiz&background=0d1f3c&color=00e5ff&size=120&bold=true&rounded=true
Brazil,Bremer,DEF,8,,83.0,58.0,49.0,69.0,68.0,74.0,73.0,Right,25.0,9.0,19863.0,35000000.0,https://ui-avatars.com/api/?name=Bremer&background=0d1f3c&color=00e5ff&size=120&bold=true&rounded=true
Brazil,Léo Pereira,DEF,4,,84.0,71.0,47.0,60.0,51.0,80.0,79.0,Right,0.0,0.0,270.0,10000000.0,https://ui-avatars.com/api/?name=L%C3%A9o%20Pereira&background=0d1f3c&color=00e5ff&size=120&bold=true&rounded=true
Brazil,Douglas Santos,DEF,7,,75.0,75.0,43.0,58.0,57.0,72.0,70.0,Right,11.0,38.0,25367.0,8000000.0,https://ui-avatars.com/api/?name=Douglas%20Santos&background=0d1f3c&color=00e5ff&size=120&bold=true&rounded=true
Brazil,Fabinho,MID,33,,82.0,68.0,62.0,74.0,76.0,56.0,62.0,Right,38.0,30.0,33705.0,13000000.0,https://ui-avatars.com/api/?name=Fabinho&background=0d1f3c&color=00e5ff&size=120&bold=true&rounded=true
Brazil,Danilo Santos,MID,4,,76.0,75.0,59.0,76.0,79.0,68.0,65.0,Right,1.0,0.0,609.0,200000.0,https://ui-avatars.com/api/?name=Danilo%20Santos&background=0d1f3c&color=00e5ff&size=120&bold=true&rounded=true
Brazil,Endrick,FWD,17,,78.0,85.0,78.0,62.0,80.0,32.0,72.0,Right,13.0,8.0,2327.0,35000000.0,https://ui-avatars.com/api/?name=Endrick&background=0d1f3c&color=00e5ff&size=120&bold=true&rounded=true
Brazil,Lucas Paquetá,MID,63,,75.0,69.0,73.0,69.0,79.0,76.0,76.0,Right,43.0,26.0,18046.0,35000000.0,https://ui-avatars.com/api/?name=Lucas%20Paquet%C3%A1&background=0d1f3c&color=00e5ff&size=120&bold=true&rounded=true
Brazil,Luiz Henrique,FWD,15,,74.0,81.0,76.0,71.0,83.0,40.0,76.0,Right,0.0,0.0,85.0,300000.0,https://ui-avatars.com/api/?name=Luiz%20Henrique&background=0d1f3c&color=00e5ff&size=120&bold=true&rounded=true
Brazil,Gabriel Martinelli,FWD,23,,82.0,90.0,78.0,72.0,82.0,38.0,70.0,Right,58.0,34.0,15650.0,45000000.0,https://ui-avatars.com/api/?name=Gabriel%20Martinelli&background=0d1f3c&color=00e5ff&size=120&bold=true&rounded=true
Brazil,Ederson Moraes,GK,32,,81.0,54.0,24.0,56.0,36.0,22.0,70.0,Right,5.0,4.0,1932.0,700000.0,https://ui-avatars.com/api/?name=Ederson%20Moraes&background=0d1f3c&color=00e5ff&size=120&bold=true&rounded=true
Brazil,Roger Ibañez,DEF,7,,79.0,62.0,52.0,61.0,64.0,82.0,79.0,Right,8.0,2.0,11018.0,17000000.0,https://ui-avatars.com/api/?name=Roger%20Iba%C3%B1ez&background=0d1f3c&color=00e5ff&size=120&bold=true&rounded=true
Brazil,Igor Thiago,FWD,4,,82.0,84.0,77.0,69.0,81.0,40.0,64.0,Right,43.0,4.0,5719.0,50000000.0,https://ui-avatars.com/api/?name=Igor%20Thiago&background=0d1f3c&color=00e5ff&size=120&bold=true&rounded=true
Brazil,Rayan,FWD,2,,74.0,78.0,81.0,69.0,76.0,31.0,66.0,Right,5.0,2.0,1047.0,40000000.0,https://ui-avatars.com/api/?name=Rayan&background=0d1f3c&color=00e5ff&size=120&bold=true&rounded=true
Haiti,Johny Placide,GK,82,,70.0,47.0,21.0,57.0,44.0,21.0,71.0,Right,0.0,0.0,4224.0,250000.0,https://ui-avatars.com/api/?name=Johny%20Placide&background=0d1f3c&color=00e5ff&size=120&bold=true&rounded=true
Haiti,Carlens Arcus,DEF,56,,70.0,72.0,44.0,56.0,66.0,79.0,72.0,Right,1.0,11.0,9010.0,1800000.0,https://ui-avatars.com/api/?name=Carlens%20Arcus&background=0d1f3c&color=00e5ff&size=120&bold=true&rounded=true
Haiti,Keeto Thermoncy,DEF,1,,79.0,67.0,36.0,52.0,54.0,82.0,77.0,Right,,,,,https://ui-avatars.com/api/?name=Keeto%20Thermoncy&background=0d1f3c&color=00e5ff&size=120&bold=true&rounded=true
Haiti,Ricardo Adé,DEF,59,,77.0,77.0,57.0,61.0,56.0,79.0,70.0,Right,0.0,0.0,15.0,100000.0,https://ui-avatars.com/api/?name=Ricardo%20Ad%C3%A9&background=0d1f3c&color=00e5ff&size=120&bold=true&rounded=true
Haiti,Hannes Delcroix,DEF,7,,71.0,76.0,47.0,67.0,50.0,84.0,79.0,Right,3.0,1.0,7117.0,2000000.0,https://ui-avatars.com/api/?name=Hannes%20Delcroix&background=0d1f3c&color=00e5ff&size=120&bold=true&rounded=true
Haiti,Carl Sainté,MID,26,,79.0,59.0,77.0,67.0,77.0,51.0,72.0,Right,,,,,https://ui-avatars.com/api/?name=Carl%20Saint%C3%A9&background=0d1f3c&color=00e5ff&size=120&bold=true&rounded=true
Haiti,Derrick Etienne Jr.,FWD,51,,69.0,74.0,78.0,61.0,85.0,41.0,69.0,Right,5.0,8.0,10262.0,4000000.0,https://ui-avatars.com/api/?name=Derrick%20Etienne%20Jr.&background=0d1f3c&color=00e5ff&size=120&bold=true&rounded=true
Haiti,Martin Expérience,DEF,21,,76.0,70.0,46.0,64.0,59.0,80.0,84.0,Right,0.0,0.0,270.0,50000.0,https://ui-avatars.com/api/?name=Martin%20Exp%C3%A9rience&background=0d1f3c&color=00e5ff&size=120&bold=true&rounded=true
Haiti,Duckens Nazon,FWD,82,,74.0,76.0,68.0,71.0,74.0,37.0,71.0,Right,18.0,7.0,4668.0,1600000.0,https://ui-avatars.com/api/?name=Duckens%20Nazon&background=0d1f3c&color=00e5ff&size=120&bold=true&rounded=true
Haiti,Jean-Ricner Bellegarde,MID,10,,75.0,75.0,58.0,69.0,76.0,65.0,60.0,Right,12.0,25.0,13404.0,16000000.0,https://ui-avatars.com/api/?name=Jean-Ricner%20Bellegarde&background=0d1f3c&color=00e5ff&size=120&bold=true&rounded=true
Haiti,Louicius Deedson,FWD,32,,72.0,85.0,82.0,63.0,72.0,28.0,69.0,Right,8.0,0.0,1280.0,1200000.0,https://ui-avatars.com/api/?name=Louicius%20Deedson&background=0d1f3c&color=00e5ff&size=120&bold=true&rounded=true
Haiti,Alexandre Pierre,GK,16,,77.0,44.0,32.0,44.0,40.0,23.0,71.0,Right,0.0,1.0,1371.0,500000.0,https://ui-avatars.com/api/?name=Alexandre%20Pierre&background=0d1f3c&color=00e5ff&size=120&bold=true&rounded=true
Haiti,Duke Lacroix,DEF,16,,75.0,68.0,45.0,62.0,51.0,80.0,76.0,Right,22.0,13.0,5350.0,2500000.0,https://ui-avatars.com/api/?name=Duke%20Lacroix&background=0d1f3c&color=00e5ff&size=120&bold=true&rounded=true
Haiti,Garven Metusala,DEF,16,,71.0,58.0,42.0,69.0,68.0,84.0,83.0,Right,,,,,https://ui-avatars.com/api/?name=Garven%20Metusala&background=0d1f3c&color=00e5ff&size=120&bold=true&rounded=true
Haiti,Ruben Providence,FWD,15,,77.0,82.0,69.0,63.0,72.0,27.0,63.0,Right,0.0,2.0,523.0,300000.0,https://ui-avatars.com/api/?name=Ruben%20Providence&background=0d1f3c&color=00e5ff&size=120&bold=true&rounded=true
Haiti,Lenny Joseph,FWD,2,,72.0,76.0,73.0,69.0,78.0,41.0,66.0,Right,0.0,0.0,146.0,500000.0,https://ui-avatars.com/api/?name=Lenny%20Joseph&background=0d1f3c&color=00e5ff&size=120&bold=true&rounded=true
Haiti,Danley Jean Jacques,MID,31,,70.0,77.0,71.0,74.0,70.0,67.0,77.0,Right,0.0,0.0,2688.0,3000000.0,https://ui-avatars.com/api/?name=Danley%20Jean%20Jacques&background=0d1f3c&color=00e5ff&size=120&bold=true&rounded=true
Haiti,Wilson Isidor,FWD,4,,68.0,74.0,83.0,57.0,77.0,37.0,72.0,Right,29.0,7.0,5020.0,18000000.0,https://ui-avatars.com/api/?name=Wilson%20Isidor&background=0d1f3c&color=00e5ff&size=120&bold=true&rounded=true
Haiti,Yassin Fortuné,FWD,4,,76.0,80.0,71.0,68.0,76.0,26.0,68.0,Right,0.0,1.0,656.0,400000.0,https://ui-avatars.com/api/?name=Yassin%20Fortun%C3%A9&background=0d1f3c&color=00e5ff&size=120&bold=true&rounded=true
Haiti,Frantzdy Pierrot,FWD,51,,76.0,74.0,78.0,63.0,74.0,26.0,69.0,Right,18.0,3.0,4719.0,1500000.0,https://ui-avatars.com/api/?name=Frantzdy%20Pierrot&background=0d1f3c&color=00e5ff&size=120&bold=true&rounded=true
Haiti,Josué Casimir,FWD,7,,77.0,80.0,82.0,62.0,80.0,29.0,68.0,Right,5.0,11.0,5555.0,3500000.0,https://ui-avatars.com/api/?name=Josu%C3%A9%20Casimir&background=0d1f3c&color=00e5ff&size=120&bold=true&rounded=true
Haiti,Jean-Kévin Duverne,DEF,17,,78.0,56.0,49.0,55.0,57.0,82.0,74.0,Right,5.0,6.0,11973.0,2000000.0,https://ui-avatars.com/api/?name=Jean-K%C3%A9vin%20Duverne&background=0d1f3c&color=00e5ff&size=120&bold=true&rounded=true
Haiti,Josué Duverger,GK,7,,77.0,41.0,25.0,44.0,41.0,22.0,77.0,Right,0.0,1.0,1350.0,500000.0,https://ui-avatars.com/api/?name=Josu%C3%A9%20Duverger&background=0d1f3c&color=00e5ff&size=120&bold=true&rounded=true
Haiti,Wilguens Paugain,DEF,8,,68.0,72.0,42.0,62.0,68.0,81.0,72.0,Right,1.0,0.0,1011.0,600000.0,https://ui-avatars.com/api/?name=Wilguens%20Paugain&background=0d1f3c&color=00e5ff&size=120&bold=true&rounded=true
Haiti,Dominique Simon,MID,2,,75.0,65.0,56.0,72.0,78.0,62.0,72.0,Right,0.0,0.0,172.0,,https://ui-avatars.com/api/?name=Dominique%20Simon&background=0d1f3c&color=00e5ff&size=120&bold=true&rounded=true
Haiti,Woodensky Pierre,MID,1,,68.0,63.0,73.0,80.0,75.0,77.0,60.0,Right,,,,,https://ui-avatars.com/api/?name=Woodensky%20Pierre&background=0d1f3c&color=00e5ff&size=120&bold=true&rounded=true
Morocco,Yassine Bounou,GK,90,,78.0,52.0,30.0,52.0,38.0,22.0,74.0,Right,1.0,3.0,19548.0,3500000.0,https://ui-avatars.com/api/?name=Yassine%20Bounou&background=0d1f3c&color=00e5ff&size=120&bold=true&rounded=true
Morocco,Achraf Hakimi,DEF,96,,85.0,90.0,68.0,78.0,80.0,78.0,76.0,Right,48.0,72.0,26692.0,80000000.0,https://ui-avatars.com/api/?name=Achraf%20Hakimi&background=0d1f3c&color=00e5ff&size=120&bold=true&rounded=true
Morocco,Noussair Mazraoui,DEF,45,,73.0,81.0,40.0,56.0,54.0,82.0,82.0,Right,11.0,21.0,19344.0,20000000.0,https://ui-avatars.com/api/?name=Noussair%20Mazraoui&background=0d1f3c&color=00e5ff&size=120&bold=true&rounded=true
Morocco,Sofyan Amrabat,MID,75,,80.0,68.0,58.0,72.0,72.0,80.0,82.0,Right,9.0,18.0,22751.0,12000000.0,https://ui-avatars.com/api/?name=Sofyan%20Amrabat&background=0d1f3c&color=00e5ff&size=120&bold=true&rounded=true
Morocco,Marwane Saâdane,DEF,8,,79.0,79.0,53.0,59.0,59.0,82.0,74.0,Right,4.0,2.0,4251.0,450000.0,https://ui-avatars.com/api/?name=Marwane%20Sa%C3%A2dane&background=0d1f3c&color=00e5ff&size=120&bold=true&rounded=true
Morocco,Ayyoub Bouaddi,MID,3,,76.0,75.0,58.0,66.0,81.0,62.0,71.0,Right,0.0,3.0,4891.0,50000000.0,https://ui-avatars.com/api/?name=Ayyoub%20Bouaddi&background=0d1f3c&color=00e5ff&size=120&bold=true&rounded=true
Morocco,Chemsdine Talbi,MID,5,,76.0,59.0,67.0,78.0,78.0,66.0,68.0,Right,11.0,7.0,3293.0,25000000.0,https://ui-avatars.com/api/?name=Chemsdine%20Talbi&background=0d1f3c&color=00e5ff&size=120&bold=true&rounded=true
Morocco,Azzedine Ounahi,MID,49,,70.0,65.0,56.0,77.0,70.0,65.0,65.0,Right,13.0,11.0,8081.0,10000000.0,https://ui-avatars.com/api/?name=Azzedine%20Ounahi&background=0d1f3c&color=00e5ff&size=120&bold=true&rounded=true
Morocco,Soufiane Rahimi,FWD,37,,72.0,78.0,77.0,63.0,73.0,39.0,62.0,Right,,,,,https://ui-avatars.com/api/?name=Soufiane%20Rahimi&background=0d1f3c&color=00e5ff&size=120&bold=true&rounded=true
Morocco,Brahim Díaz,FWD,26,,84.0,88.0,78.0,76.0,85.0,42.0,68.0,Right,44.0,44.0,14283.0,35000000.0,https://ui-avatars.com/api/?name=Brahim%20D%C3%ADaz&background=0d1f3c&color=00e5ff&size=120&bold=true&rounded=true
Morocco,Ismael Saibari,MID,31,,75.0,61.0,74.0,68.0,69.0,53.0,76.0,Right,43.0,30.0,9004.0,32000000.0,https://ui-avatars.com/api/?name=Ismael%20Saibari&background=0d1f3c&color=00e5ff&size=120&bold=true&rounded=true
Morocco,Munir Mohamedi,GK,53,,75.0,40.0,29.0,40.0,35.0,27.0,72.0,Right,,,,,https://ui-avatars.com/api/?name=Munir%20Mohamedi&background=0d1f3c&color=00e5ff&size=120&bold=true&rounded=true
Morocco,Zakaria El Ouahdi,DEF,3,,80.0,72.0,52.0,63.0,64.0,84.0,81.0,Right,14.0,6.0,6835.0,15000000.0,https://ui-avatars.com/api/?name=Zakaria%20El%20Ouahdi&background=0d1f3c&color=00e5ff&size=120&bold=true&rounded=true
Morocco,Issa Diop,DEF,4,,73.0,81.0,37.0,69.0,61.0,78.0,82.0,Right,15.0,7.0,23800.0,10000000.0,https://ui-avatars.com/api/?name=Issa%20Diop&background=0d1f3c&color=00e5ff&size=120&bold=true&rounded=true
Morocco,Samir El Mourabet,MID,4,,80.0,58.0,60.0,79.0,82.0,68.0,70.0,Right,1.0,3.0,2137.0,18000000.0,https://ui-avatars.com/api/?name=Samir%20El%20Mourabet&background=0d1f3c&color=00e5ff&size=120&bold=true&rounded=true
Morocco,Gessime Yassine,MID,5,,79.0,80.0,56.0,78.0,69.0,53.0,76.0,Right,0.0,2.0,510.0,10000000.0,https://ui-avatars.com/api/?name=Gessime%20Yassine&background=0d1f3c&color=00e5ff&size=120&bold=true&rounded=true
Morocco,Amine Sbaï,FWD,2,,72.0,84.0,76.0,61.0,78.0,35.0,77.0,Right,3.0,1.0,1834.0,2500000.0,https://ui-avatars.com/api/?name=Amine%20Sba%C3%AF&background=0d1f3c&color=00e5ff&size=120&bold=true&rounded=true
Morocco,Chadi Riad,DEF,6,,71.0,69.0,48.0,69.0,60.0,82.0,72.0,Right,0.0,1.0,2969.0,12000000.0,https://ui-avatars.com/api/?name=Chadi%20Riad&background=0d1f3c&color=00e5ff&size=120&bold=true&rounded=true
Morocco,Youssef Belammari,DEF,19,,70.0,66.0,55.0,64.0,65.0,76.0,80.0,Right,2.0,0.0,269.0,,https://ui-avatars.com/api/?name=Youssef%20Belammari&background=0d1f3c&color=00e5ff&size=120&bold=true&rounded=true
Morocco,Ayoub El Kaabi,FWD,71,,73.0,77.0,70.0,59.0,74.0,25.0,63.0,Right,93.0,13.0,12004.0,5000000.0,https://ui-avatars.com/api/?name=Ayoub%20El%20Kaabi&background=0d1f3c&color=00e5ff&size=120&bold=true&rounded=true
Morocco,Ayoube Amaimouni,FWD,2,,71.0,74.0,83.0,71.0,80.0,36.0,75.0,Right,2.0,3.0,580.0,7000000.0,https://ui-avatars.com/api/?name=Ayoube%20Amaimouni&background=0d1f3c&color=00e5ff&size=120&bold=true&rounded=true
Morocco,Ahmed Reda Tagnaouti,GK,3,,77.0,51.0,33.0,56.0,42.0,22.0,72.0,Right,0.0,2.0,443.0,150000.0,https://ui-avatars.com/api/?name=Ahmed%20Reda%20Tagnaouti&background=0d1f3c&color=00e5ff&size=120&bold=true&rounded=true
Morocco,Bilal El Khannouss,MID,37,,80.0,71.0,72.0,71.0,70.0,61.0,62.0,Right,15.0,22.0,10259.0,32000000.0,https://ui-avatars.com/api/?name=Bilal%20El%20Khannouss&background=0d1f3c&color=00e5ff&size=120&bold=true&rounded=true
Morocco,Neil El Aynaoui,MID,16,,73.0,71.0,69.0,78.0,74.0,66.0,71.0,Right,11.0,6.0,5848.0,20000000.0,https://ui-avatars.com/api/?name=Neil%20El%20Aynaoui&background=0d1f3c&color=00e5ff&size=120&bold=true&rounded=true
Morocco,Redouane Halhal,DEF,3,,73.0,58.0,43.0,55.0,65.0,80.0,81.0,Right,1.0,2.0,2039.0,3000000.0,https://ui-avatars.com/api/?name=Redouane%20Halhal&background=0d1f3c&color=00e5ff&size=120&bold=true&rounded=true
Morocco,Anass Salah-Eddine,DEF,9,,75.0,76.0,55.0,70.0,51.0,79.0,77.0,Right,2.0,10.0,5396.0,12000000.0,https://ui-avatars.com/api/?name=Anass%20Salah-Eddine&background=0d1f3c&color=00e5ff&size=120&bold=true&rounded=true
Scotland,Angus Gunn,GK,22,,70.0,47.0,24.0,57.0,43.0,19.0,78.0,Right,0.0,0.0,3525.0,1500000.0,https://ui-avatars.com/api/?name=Angus%20Gunn&background=0d1f3c&color=00e5ff&size=120&bold=true&rounded=true
Scotland,Aaron Hickey,DEF,21,,75.0,65.0,47.0,50.0,55.0,80.0,77.0,Right,7.0,3.0,9378.0,16000000.0,https://ui-avatars.com/api/?name=Aaron%20Hickey&background=0d1f3c&color=00e5ff&size=120&bold=true&rounded=true
Scotland,Andy Robertson,DEF,94,,80.0,76.0,53.0,58.0,66.0,83.0,78.0,Right,9.0,6.0,2282.0,2200000.0,https://ui-avatars.com/api/?name=Andy%20Robertson&background=0d1f3c&color=00e5ff&size=120&bold=true&rounded=true
Scotland,Scott McTominay,MID,70,,75.0,79.0,74.0,65.0,77.0,57.0,77.0,Right,54.0,17.0,21859.0,45000000.0,https://ui-avatars.com/api/?name=Scott%20McTominay&background=0d1f3c&color=00e5ff&size=120&bold=true&rounded=true
Scotland,Grant Hanley,DEF,68,,81.0,55.0,36.0,50.0,50.0,80.0,82.0,Right,2.0,0.0,6458.0,200000.0,https://ui-avatars.com/api/?name=Grant%20Hanley&background=0d1f3c&color=00e5ff&size=120&bold=true&rounded=true
Scotland,Kieran Tierney,DEF,56,,70.0,67.0,54.0,71.0,56.0,73.0,75.0,Right,18.0,57.0,26188.0,8000000.0,https://ui-avatars.com/api/?name=Kieran%20Tierney&background=0d1f3c&color=00e5ff&size=120&bold=true&rounded=true
Scotland,John McGinn,MID,86,,76.0,71.0,72.0,79.0,69.0,59.0,71.0,Right,41.0,47.0,31651.0,15000000.0,https://ui-avatars.com/api/?name=John%20McGinn&background=0d1f3c&color=00e5ff&size=120&bold=true&rounded=true
Scotland,Tyler Fletcher,MID,2,,70.0,65.0,65.0,67.0,78.0,55.0,68.0,Right,,,,,https://ui-avatars.com/api/?name=Tyler%20Fletcher&background=0d1f3c&color=00e5ff&size=120&bold=true&rounded=true
Scotland,Lyndon Dykes,FWD,51,,75.0,80.0,74.0,63.0,73.0,36.0,65.0,Right,13.0,11.0,3203.0,1000000.0,https://ui-avatars.com/api/?name=Lyndon%20Dykes&background=0d1f3c&color=00e5ff&size=120&bold=true&rounded=true
Scotland,Ché Adams,FWD,47,,76.0,74.0,58.0,72.0,72.0,78.0,76.0,Right,42.0,22.0,13092.0,8500000.0,https://ui-avatars.com/api/?name=Ch%C3%A9%20Adams&background=0d1f3c&color=00e5ff&size=120&bold=true&rounded=true
Scotland,Ryan Christie,MID,68,,77.0,75.0,74.0,79.0,78.0,56.0,70.0,Right,69.0,71.0,25603.0,9000000.0,https://ui-avatars.com/api/?name=Ryan%20Christie&background=0d1f3c&color=00e5ff&size=120&bold=true&rounded=true
Scotland,Liam Kelly,GK,3,,73.0,43.0,25.0,42.0,44.0,26.0,76.0,Right,6.0,1.0,1707.0,600000.0,https://ui-avatars.com/api/?name=Liam%20Kelly&background=0d1f3c&color=00e5ff&size=120&bold=true&rounded=true
Scotland,Jack Hendry,DEF,38,,79.0,68.0,45.0,67.0,61.0,78.0,81.0,Right,3.0,2.0,9665.0,2500000.0,https://ui-avatars.com/api/?name=Jack%20Hendry&background=0d1f3c&color=00e5ff&size=120&bold=true&rounded=true
Scotland,Ross Stewart,FWD,3,,78.0,84.0,70.0,73.0,78.0,38.0,61.0,Right,0.0,0.0,1036.0,200000.0,https://ui-avatars.com/api/?name=Ross%20Stewart&background=0d1f3c&color=00e5ff&size=120&bold=true&rounded=true
Scotland,John Souttar,DEF,24,,77.0,77.0,55.0,68.0,61.0,73.0,75.0,Right,10.0,8.0,26526.0,2000000.0,https://ui-avatars.com/api/?name=John%20Souttar&background=0d1f3c&color=00e5ff&size=120&bold=true&rounded=true
Scotland,Dominic Hyam,DEF,4,,71.0,73.0,56.0,54.0,58.0,82.0,72.0,Right,76.0,25.0,20063.0,22000000.0,https://ui-avatars.com/api/?name=Dominic%20Hyam&background=0d1f3c&color=00e5ff&size=120&bold=true&rounded=true
Scotland,Ben Gannon-Doak,FWD,14,,81.0,81.0,70.0,57.0,84.0,39.0,58.0,Right,0.0,1.0,408.0,16000000.0,https://ui-avatars.com/api/?name=Ben%20Gannon-Doak&background=0d1f3c&color=00e5ff&size=120&bold=true&rounded=true
Scotland,George Hirst,FWD,10,,76.0,83.0,68.0,74.0,76.0,28.0,69.0,Right,6.0,2.0,1081.0,8000000.0,https://ui-avatars.com/api/?name=George%20Hirst&background=0d1f3c&color=00e5ff&size=120&bold=true&rounded=true
Scotland,Lewis Ferguson,MID,24,,73.0,81.0,72.0,81.0,70.0,58.0,63.0,Right,47.0,32.0,24063.0,18000000.0,https://ui-avatars.com/api/?name=Lewis%20Ferguson&background=0d1f3c&color=00e5ff&size=120&bold=true&rounded=true
Scotland,Lawrence Shankland,FWD,20,,79.0,73.0,83.0,58.0,73.0,39.0,59.0,Right,83.0,33.0,16230.0,3000000.0,https://ui-avatars.com/api/?name=Lawrence%20Shankland&background=0d1f3c&color=00e5ff&size=120&bold=true&rounded=true
Scotland,Craig Gordon,GK,84,,73.0,45.0,26.0,49.0,32.0,20.0,74.0,Right,0.0,0.0,29276.0,25000.0,https://ui-avatars.com/api/?name=Craig%20Gordon&background=0d1f3c&color=00e5ff&size=120&bold=true&rounded=true
Scotland,Nathan Patterson,DEF,26,,75.0,66.0,37.0,62.0,67.0,79.0,74.0,Right,2.0,4.0,4795.0,10000000.0,https://ui-avatars.com/api/?name=Nathan%20Patterson&background=0d1f3c&color=00e5ff&size=120&bold=true&rounded=true
Scotland,Kenny McLean,MID,58,,70.0,60.0,62.0,68.0,83.0,72.0,69.0,Right,42.0,24.0,26166.0,500000.0,https://ui-avatars.com/api/?name=Kenny%20McLean&background=0d1f3c&color=00e5ff&size=120&bold=true&rounded=true
Scotland,Anthony Ralston,DEF,27,,81.0,68.0,48.0,51.0,54.0,76.0,75.0,Right,9.0,15.0,10533.0,1500000.0,https://ui-avatars.com/api/?name=Anthony%20Ralston&background=0d1f3c&color=00e5ff&size=120&bold=true&rounded=true
Scotland,Findlay Curtis,FWD,3,,78.0,86.0,81.0,61.0,80.0,26.0,64.0,Right,3.0,4.0,1375.0,2000000.0,https://ui-avatars.com/api/?name=Findlay%20Curtis&background=0d1f3c&color=00e5ff&size=120&bold=true&rounded=true
Scotland,Scott McKenna,DEF,50,,75.0,71.0,36.0,52.0,54.0,76.0,84.0,Right,5.0,2.0,15472.0,4000000.0,https://ui-avatars.com/api/?name=Scott%20McKenna&background=0d1f3c&color=00e5ff&size=120&bold=true&rounded=true
Australia,Mathew Ryan,GK,104,,68.0,47.0,31.0,43.0,42.0,24.0,79.0,Right,0.0,0.0,32430.0,2000000.0,https://ui-avatars.com/api/?name=Mathew%20Ryan&background=0d1f3c&color=00e5ff&size=120&bold=true&rounded=true
Australia,Miloš Degenek,DEF,57,,78.0,64.0,37.0,71.0,63.0,81.0,82.0,Right,,,,,https://ui-avatars.com/api/?name=Milo%C5%A1%20Degenek&background=0d1f3c&color=00e5ff&size=120&bold=true&rounded=true
Australia,Alessandro Circati,DEF,13,,77.0,66.0,43.0,50.0,54.0,75.0,77.0,Right,1.0,1.0,3296.0,10000000.0,https://ui-avatars.com/api/?name=Alessandro%20Circati&background=0d1f3c&color=00e5ff&size=120&bold=true&rounded=true
Australia,Jacob Italiano,DEF,5,,78.0,66.0,35.0,71.0,69.0,83.0,78.0,Right,11.0,16.0,11761.0,700000.0,https://ui-avatars.com/api/?name=Jacob%20Italiano&background=0d1f3c&color=00e5ff&size=120&bold=true&rounded=true
Australia,Jordan Bos,DEF,27,,78.0,59.0,49.0,54.0,61.0,76.0,70.0,Right,10.0,15.0,5306.0,8000000.0,https://ui-avatars.com/api/?name=Jordan%20Bos&background=0d1f3c&color=00e5ff&size=120&bold=true&rounded=true
Australia,Jason Geria,DEF,14,,68.0,78.0,46.0,64.0,64.0,77.0,81.0,Right,6.0,2.0,4772.0,500000.0,https://ui-avatars.com/api/?name=Jason%20Geria&background=0d1f3c&color=00e5ff&size=120&bold=true&rounded=true
Australia,Mathew Leckie,FWD,80,,78.0,89.0,81.0,56.0,80.0,29.0,77.0,Right,11.0,9.0,8639.0,350000.0,https://ui-avatars.com/api/?name=Mathew%20Leckie&background=0d1f3c&color=00e5ff&size=120&bold=true&rounded=true
Australia,Connor Metcalfe,MID,36,,77.0,58.0,77.0,67.0,73.0,54.0,64.0,Right,0.0,2.0,1115.0,2000000.0,https://ui-avatars.com/api/?name=Connor%20Metcalfe&background=0d1f3c&color=00e5ff&size=120&bold=true&rounded=true
Australia,Mohamed Touré,FWD,10,,68.0,88.0,70.0,68.0,83.0,34.0,77.0,Right,12.0,8.0,2316.0,4000000.0,https://ui-avatars.com/api/?name=Mohamed%20Tour%C3%A9&background=0d1f3c&color=00e5ff&size=120&bold=true&rounded=true
Australia,Ajdin Hrustic,FWD,37,,72.0,89.0,75.0,65.0,85.0,26.0,75.0,Right,14.0,12.0,9672.0,700000.0,https://ui-avatars.com/api/?name=Ajdin%20Hrustic&background=0d1f3c&color=00e5ff&size=120&bold=true&rounded=true
Australia,Awer Mabil,FWD,38,,76.0,78.0,82.0,69.0,82.0,36.0,63.0,Right,29.0,36.0,10588.0,1300000.0,https://ui-avatars.com/api/?name=Awer%20Mabil&background=0d1f3c&color=00e5ff&size=120&bold=true&rounded=true
Australia,Paul Izzo,GK,4,,71.0,46.0,33.0,52.0,33.0,19.0,74.0,Right,0.0,0.0,3510.0,600000.0,https://ui-avatars.com/api/?name=Paul%20Izzo&background=0d1f3c&color=00e5ff&size=120&bold=true&rounded=true
Australia,Aiden O'Neill,MID,31,,79.0,80.0,62.0,65.0,74.0,57.0,65.0,Right,1.0,1.0,3922.0,3000000.0,https://ui-avatars.com/api/?name=Aiden%20O%27Neill&background=0d1f3c&color=00e5ff&size=120&bold=true&rounded=true
Australia,Cammy Devlin,MID,5,,72.0,72.0,76.0,79.0,69.0,50.0,70.0,Right,7.0,9.0,9899.0,2000000.0,https://ui-avatars.com/api/?name=Cammy%20Devlin&background=0d1f3c&color=00e5ff&size=120&bold=true&rounded=true
Australia,Kai Trewin,DEF,6,,77.0,72.0,52.0,66.0,57.0,79.0,70.0,Right,1.0,5.0,1316.0,350000.0,https://ui-avatars.com/api/?name=Kai%20Trewin&background=0d1f3c&color=00e5ff&size=120&bold=true&rounded=true
Australia,Aziz Behich,DEF,84,,79.0,81.0,42.0,63.0,53.0,72.0,70.0,Right,10.0,16.0,19742.0,275000.0,https://ui-avatars.com/api/?name=Aziz%20Behich&background=0d1f3c&color=00e5ff&size=120&bold=true&rounded=true
Australia,Nestory Irankunda,FWD,15,,70.0,87.0,81.0,70.0,76.0,33.0,59.0,Right,0.0,0.0,180.0,6000000.0,https://ui-avatars.com/api/?name=Nestory%20Irankunda&background=0d1f3c&color=00e5ff&size=120&bold=true&rounded=true
Australia,Patrick Beach,GK,2,,69.0,45.0,34.0,48.0,30.0,26.0,73.0,Right,6.0,6.0,16294.0,1500000.0,https://ui-avatars.com/api/?name=Patrick%20Beach&background=0d1f3c&color=00e5ff&size=120&bold=true&rounded=true
Australia,Harry Souttar,DEF,38,,76.0,75.0,47.0,58.0,60.0,75.0,71.0,Right,1.0,1.0,1982.0,6000000.0,https://ui-avatars.com/api/?name=Harry%20Souttar&background=0d1f3c&color=00e5ff&size=120&bold=true&rounded=true
Australia,Cristian Volpato,FWD,1,,73.0,85.0,71.0,60.0,74.0,30.0,59.0,Right,4.0,6.0,2377.0,10000000.0,https://ui-avatars.com/api/?name=Cristian%20Volpato&background=0d1f3c&color=00e5ff&size=120&bold=true&rounded=true
Australia,Cameron Burgess,DEF,27,,69.0,67.0,43.0,68.0,62.0,82.0,70.0,Right,2.0,3.0,2247.0,1800000.0,https://ui-avatars.com/api/?name=Cameron%20Burgess&background=0d1f3c&color=00e5ff&size=120&bold=true&rounded=true
Australia,Jackson Irvine,MID,82,,75.0,79.0,61.0,79.0,68.0,61.0,66.0,Right,6.0,23.0,14153.0,1500000.0,https://ui-avatars.com/api/?name=Jackson%20Irvine&background=0d1f3c&color=00e5ff&size=120&bold=true&rounded=true
Australia,Nishan Velupillay,FWD,7,,72.0,72.0,68.0,71.0,74.0,36.0,63.0,Right,,,,,https://ui-avatars.com/api/?name=Nishan%20Velupillay&background=0d1f3c&color=00e5ff&size=120&bold=true&rounded=true
Australia,Paul Okon-Engstler,MID,6,,77.0,68.0,57.0,72.0,81.0,63.0,69.0,Right,1.0,1.0,997.0,1000000.0,https://ui-avatars.com/api/?name=Paul%20Okon-Engstler&background=0d1f3c&color=00e5ff&size=120&bold=true&rounded=true
Australia,Lucas Herrington,DEF,4,,69.0,68.0,43.0,52.0,57.0,73.0,75.0,Right,0.0,0.0,980.0,400000.0,https://ui-avatars.com/api/?name=Lucas%20Herrington&background=0d1f3c&color=00e5ff&size=120&bold=true&rounded=true
Australia,Tete Yengi,FWD,1,,79.0,83.0,72.0,56.0,76.0,39.0,69.0,Right,7.0,2.0,2253.0,250000.0,https://ui-avatars.com/api/?name=Tete%20Yengi&background=0d1f3c&color=00e5ff&size=120&bold=true&rounded=true
Paraguay,Gatito Fernández,GK,31,,85.0,71.0,73.0,83.0,82.0,78.0,77.0,Right,0.0,1.0,592.0,7500000.0,https://ui-avatars.com/api/?name=Gatito%20Fern%C3%A1ndez&background=0d1f3c&color=00e5ff&size=120&bold=true&rounded=true
Paraguay,Gustavo Velázquez,DEF,13,,71.0,69.0,45.0,65.0,55.0,73.0,81.0,Right,0.0,1.0,581.0,900000.0,https://ui-avatars.com/api/?name=Gustavo%20Vel%C3%A1zquez&background=0d1f3c&color=00e5ff&size=120&bold=true&rounded=true
Paraguay,Omar Alderete,DEF,36,,78.0,65.0,47.0,70.0,60.0,78.0,84.0,Right,5.0,3.0,15106.0,15000000.0,https://ui-avatars.com/api/?name=Omar%20Alderete&background=0d1f3c&color=00e5ff&size=120&bold=true&rounded=true
Paraguay,Juan José Cáceres,DEF,17,,72.0,69.0,38.0,60.0,68.0,75.0,74.0,Right,1.0,10.0,3819.0,4000000.0,https://ui-avatars.com/api/?name=Juan%20Jos%C3%A9%20C%C3%A1ceres&background=0d1f3c&color=00e5ff&size=120&bold=true&rounded=true
Paraguay,Fabián Balbuena,DEF,48,,73.0,73.0,36.0,63.0,53.0,76.0,73.0,Right,11.0,5.0,12325.0,1200000.0,https://ui-avatars.com/api/?name=Fabi%C3%A1n%20Balbuena&background=0d1f3c&color=00e5ff&size=120&bold=true&rounded=true
Paraguay,Júnior Alonso,DEF,71,,78.0,69.0,37.0,57.0,65.0,81.0,73.0,Right,3.0,4.0,8855.0,2000000.0,https://ui-avatars.com/api/?name=J%C3%BAnior%20Alonso&background=0d1f3c&color=00e5ff&size=120&bold=true&rounded=true
Paraguay,Ramón Sosa,MID,29,,69.0,59.0,71.0,77.0,71.0,75.0,70.0,Right,3.0,1.0,550.0,10000000.0,https://ui-avatars.com/api/?name=Ram%C3%B3n%20Sosa&background=0d1f3c&color=00e5ff&size=120&bold=true&rounded=true
Paraguay,Diego Gómez,MID,24,,74.0,69.0,64.0,71.0,80.0,56.0,76.0,Right,0.0,0.0,25.0,200000.0,https://ui-avatars.com/api/?name=Diego%20G%C3%B3mez&background=0d1f3c&color=00e5ff&size=120&bold=true&rounded=true
Paraguay,Antonio Sanabria,FWD,48,,77.0,81.0,75.0,58.0,75.0,28.0,64.0,Right,73.0,20.0,19630.0,2000000.0,https://ui-avatars.com/api/?name=Antonio%20Sanabria&background=0d1f3c&color=00e5ff&size=120&bold=true&rounded=true
Paraguay,Miguel Almirón,MID,76,,79.0,88.0,72.0,72.0,82.0,38.0,62.0,Right,29.0,8.0,14078.0,9000000.0,https://ui-avatars.com/api/?name=Miguel%20Almir%C3%B3n&background=0d1f3c&color=00e5ff&size=120&bold=true&rounded=true
Paraguay,Maurício,MID,3,,73.0,58.0,66.0,77.0,77.0,64.0,72.0,Right,1.0,0.0,1016.0,300000.0,https://ui-avatars.com/api/?name=Maur%C3%ADcio&background=0d1f3c&color=00e5ff&size=120&bold=true&rounded=true
Paraguay,Orlando Gill,GK,6,,74.0,45.0,25.0,48.0,39.0,26.0,79.0,Right,1.0,0.0,1335.0,500000.0,https://ui-avatars.com/api/?name=Orlando%20Gill&background=0d1f3c&color=00e5ff&size=120&bold=true&rounded=true
Paraguay,José Canale,DEF,2,,77.0,78.0,44.0,57.0,65.0,72.0,79.0,Right,6.0,7.0,2772.0,300000.0,https://ui-avatars.com/api/?name=Jos%C3%A9%20Canale&background=0d1f3c&color=00e5ff&size=120&bold=true&rounded=true
Paraguay,Andrés Cubas,MID,33,,78.0,62.0,58.0,68.0,79.0,56.0,69.0,Right,1.0,0.0,2260.0,4000000.0,https://ui-avatars.com/api/?name=Andr%C3%A9s%20Cubas&background=0d1f3c&color=00e5ff&size=120&bold=true&rounded=true
Paraguay,Gustavo Gómez,DEF,89,,76.0,72.0,53.0,53.0,59.0,72.0,76.0,Right,0.0,0.0,1569.0,4000000.0,https://ui-avatars.com/api/?name=Gustavo%20G%C3%B3mez&background=0d1f3c&color=00e5ff&size=120&bold=true&rounded=true
Paraguay,Damián Bobadilla,MID,19,,69.0,62.0,69.0,81.0,70.0,61.0,61.0,Right,,,,,https://ui-avatars.com/api/?name=Dami%C3%A1n%20Bobadilla&background=0d1f3c&color=00e5ff&size=120&bold=true&rounded=true
Paraguay,Kaku,FWD,33,,68.0,88.0,73.0,70.0,76.0,39.0,60.0,Right,35.0,34.0,16389.0,300000.0,https://ui-avatars.com/api/?name=Kaku&background=0d1f3c&color=00e5ff&size=120&bold=true&rounded=true
Paraguay,Álex Arce,FWD,15,,79.0,78.0,83.0,65.0,81.0,33.0,71.0,Right,0.0,0.0,536.0,500000.0,https://ui-avatars.com/api/?name=%C3%81lex%20Arce&background=0d1f3c&color=00e5ff&size=120&bold=true&rounded=true
Paraguay,Julio Enciso,FWD,32,,76.0,80.0,74.0,68.0,78.0,28.0,60.0,Right,10.0,14.0,4691.0,22000000.0,https://ui-avatars.com/api/?name=Julio%20Enciso&background=0d1f3c&color=00e5ff&size=120&bold=true&rounded=true
Paraguay,Braian Ojeda,MID,17,,76.0,59.0,57.0,71.0,72.0,67.0,62.0,Right,,,,,https://ui-avatars.com/api/?name=Braian%20Ojeda&background=0d1f3c&color=00e5ff&size=120&bold=true&rounded=true
Paraguay,Gabriel Ávalos,FWD,23,,77.0,78.0,76.0,71.0,82.0,31.0,71.0,Right,0.0,0.0,4302.0,500000.0,https://ui-avatars.com/api/?name=Gabriel%20%C3%81valos&background=0d1f3c&color=00e5ff&size=120&bold=true&rounded=true
Paraguay,Gastón Olveira,GK,1,,70.0,43.0,29.0,45.0,39.0,24.0,77.0,Right,,,,,https://ui-avatars.com/api/?name=Gast%C3%B3n%20Olveira&background=0d1f3c&color=00e5ff&size=120&bold=true&rounded=true
Paraguay,Matías Galarza,MID,15,,71.0,65.0,59.0,65.0,71.0,52.0,68.0,Right,1.0,1.0,1761.0,5500000.0,https://ui-avatars.com/api/?name=Mat%C3%ADas%20Galarza&background=0d1f3c&color=00e5ff&size=120&bold=true&rounded=true
Paraguay,Gustavo Caballero,MID,2,,75.0,58.0,60.0,73.0,74.0,53.0,72.0,Right,0.0,1.0,581.0,900000.0,https://ui-avatars.com/api/?name=Gustavo%20Caballero&background=0d1f3c&color=00e5ff&size=120&bold=true&rounded=true
Paraguay,Isidro Pitta,FWD,5,,68.0,73.0,79.0,59.0,83.0,32.0,63.0,Right,,,,,https://ui-avatars.com/api/?name=Isidro%20Pitta&background=0d1f3c&color=00e5ff&size=120&bold=true&rounded=true
Paraguay,Alexandro Maidana,DEF,2,,75.0,72.0,37.0,71.0,61.0,84.0,79.0,Right,0.0,1.0,1371.0,500000.0,https://ui-avatars.com/api/?name=Alexandro%20Maidana&background=0d1f3c&color=00e5ff&size=120&bold=true&rounded=true
Turkey,Mert Günok,GK,37,,72.0,45.0,25.0,41.0,36.0,19.0,70.0,Right,0.0,1.0,24831.0,500000.0,https://ui-avatars.com/api/?name=Mert%20G%C3%BCnok&background=0d1f3c&color=00e5ff&size=120&bold=true&rounded=true
Turkey,Zeki Çelik,DEF,61,,70.0,57.0,36.0,69.0,57.0,77.0,81.0,Right,9.0,24.0,21871.0,12000000.0,https://ui-avatars.com/api/?name=Zeki%20%C3%87elik&background=0d1f3c&color=00e5ff&size=120&bold=true&rounded=true
Turkey,Merih Demiral,DEF,62,,79.0,58.0,39.0,62.0,64.0,80.0,76.0,Right,7.0,5.0,9441.0,14000000.0,https://ui-avatars.com/api/?name=Merih%20Demiral&background=0d1f3c&color=00e5ff&size=120&bold=true&rounded=true
Turkey,Çağlar Söyüncü,DEF,60,,79.0,79.0,57.0,65.0,61.0,72.0,81.0,Right,9.0,4.0,19294.0,3500000.0,https://ui-avatars.com/api/?name=%C3%87a%C4%9Flar%20S%C3%B6y%C3%BCnc%C3%BC&background=0d1f3c&color=00e5ff&size=120&bold=true&rounded=true
Turkey,Salih Özcan,MID,30,,77.0,77.0,57.0,80.0,81.0,62.0,78.0,Right,3.0,9.0,11930.0,3500000.0,https://ui-avatars.com/api/?name=Salih%20%C3%96zcan&background=0d1f3c&color=00e5ff&size=120&bold=true&rounded=true
Turkey,Orkun Kökçü,MID,50,,77.0,79.0,59.0,72.0,75.0,61.0,60.0,Right,56.0,57.0,22087.0,25000000.0,https://ui-avatars.com/api/?name=Orkun%20K%C3%B6k%C3%A7%C3%BC&background=0d1f3c&color=00e5ff&size=120&bold=true&rounded=true
Turkey,Kerem Aktürkoğlu,FWD,52,,78.0,77.0,73.0,72.0,79.0,31.0,58.0,Right,75.0,60.0,17403.0,20000000.0,https://ui-avatars.com/api/?name=Kerem%20Akt%C3%BCrko%C4%9Flu&background=0d1f3c&color=00e5ff&size=120&bold=true&rounded=true
Turkey,Arda Güler,FWD,29,,80.0,76.0,78.0,82.0,86.0,28.0,52.0,Right,26.0,33.0,7464.0,90000000.0,https://ui-avatars.com/api/?name=Arda%20G%C3%BCler&background=0d1f3c&color=00e5ff&size=120&bold=true&rounded=true
Turkey,Deniz Gül,FWD,8,,74.0,87.0,79.0,60.0,75.0,26.0,71.0,Right,8.0,2.0,2168.0,6000000.0,https://ui-avatars.com/api/?name=Deniz%20G%C3%BCl&background=0d1f3c&color=00e5ff&size=120&bold=true&rounded=true
Turkey,Hakan Çalhanoğlu,MID,105,,85.0,60.0,82.0,86.0,82.0,72.0,76.0,Right,121.0,119.0,39852.0,18000000.0,https://ui-avatars.com/api/?name=Hakan%20%C3%87alhano%C4%9Flu&background=0d1f3c&color=00e5ff&size=120&bold=true&rounded=true
Turkey,Kenan Yıldız,FWD,28,,79.0,82.0,74.0,76.0,84.0,30.0,58.0,Right,27.0,20.0,8302.0,75000000.0,https://ui-avatars.com/api/?name=Kenan%20Y%C4%B1ld%C4%B1z&background=0d1f3c&color=00e5ff&size=120&bold=true&rounded=true
Turkey,Altay Bayındır,GK,12,,73.0,40.0,26.0,57.0,42.0,19.0,73.0,Right,0.0,1.0,15162.0,7000000.0,https://ui-avatars.com/api/?name=Altay%20Bay%C4%B1nd%C4%B1r&background=0d1f3c&color=00e5ff&size=120&bold=true&rounded=true
Turkey,Eren Elmalı,DEF,23,,74.0,56.0,43.0,50.0,60.0,74.0,73.0,Right,4.0,9.0,13723.0,5000000.0,https://ui-avatars.com/api/?name=Eren%20Elmal%C4%B1&background=0d1f3c&color=00e5ff&size=120&bold=true&rounded=true
Turkey,Abdülkerim Bardakcı,DEF,27,,76.0,80.0,38.0,67.0,55.0,74.0,75.0,Right,21.0,14.0,20408.0,6500000.0,https://ui-avatars.com/api/?name=Abd%C3%BClkerim%20Bardakc%C4%B1&background=0d1f3c&color=00e5ff&size=120&bold=true&rounded=true
Turkey,Ozan Kabak,DEF,30,,80.0,69.0,56.0,54.0,69.0,81.0,81.0,Right,18.0,6.0,14843.0,10000000.0,https://ui-avatars.com/api/?name=Ozan%20Kabak&background=0d1f3c&color=00e5ff&size=120&bold=true&rounded=true
Turkey,İsmail Yüksek,MID,32,,70.0,67.0,60.0,77.0,70.0,73.0,69.0,Right,4.0,12.0,8250.0,15000000.0,https://ui-avatars.com/api/?name=%C4%B0smail%20Y%C3%BCksek&background=0d1f3c&color=00e5ff&size=120&bold=true&rounded=true
Turkey,İrfan Can Kahveci,FWD,47,,75.0,74.0,83.0,61.0,75.0,38.0,66.0,Right,58.0,56.0,24321.0,3000000.0,https://ui-avatars.com/api/?name=%C4%B0rfan%20Can%20Kahveci&background=0d1f3c&color=00e5ff&size=120&bold=true&rounded=true
Turkey,Mert Müldür,DEF,45,,74.0,57.0,36.0,51.0,52.0,73.0,83.0,Right,7.0,16.0,11287.0,7000000.0,https://ui-avatars.com/api/?name=Mert%20M%C3%BCld%C3%BCr&background=0d1f3c&color=00e5ff&size=120&bold=true&rounded=true
Turkey,Yunus Akgün,FWD,19,,73.0,89.0,83.0,64.0,80.0,26.0,58.0,Right,32.0,40.0,9563.0,18000000.0,https://ui-avatars.com/api/?name=Yunus%20Akg%C3%BCn&background=0d1f3c&color=00e5ff&size=120&bold=true&rounded=true
Turkey,Ferdi Kadıoğlu,DEF,30,,73.0,68.0,35.0,63.0,65.0,77.0,83.0,Right,19.0,21.0,17123.0,30000000.0,https://ui-avatars.com/api/?name=Ferdi%20Kad%C4%B1o%C4%9Flu&background=0d1f3c&color=00e5ff&size=120&bold=true&rounded=true
Turkey,Barış Alper Yılmaz,FWD,35,,79.0,90.0,72.0,68.0,80.0,30.0,65.0,Right,32.0,32.0,11385.0,30000000.0,https://ui-avatars.com/api/?name=Bar%C4%B1%C5%9F%20Alper%20Y%C4%B1lmaz&background=0d1f3c&color=00e5ff&size=120&bold=true&rounded=true
Turkey,Kaan Ayhan,MID,73,,73.0,60.0,57.0,73.0,73.0,74.0,72.0,Right,12.0,14.0,16721.0,1500000.0,https://ui-avatars.com/api/?name=Kaan%20Ayhan&background=0d1f3c&color=00e5ff&size=120&bold=true&rounded=true
Turkey,Uğurcan Çakır,GK,39,,74.0,41.0,27.0,41.0,33.0,26.0,79.0,Right,0.0,3.0,26618.0,15000000.0,https://ui-avatars.com/api/?name=U%C4%9Furcan%20%C3%87ak%C4%B1r&background=0d1f3c&color=00e5ff&size=120&bold=true&rounded=true
Turkey,Oğuz Aydın,FWD,11,,73.0,84.0,79.0,66.0,83.0,37.0,71.0,Right,27.0,15.0,7044.0,7000000.0,https://ui-avatars.com/api/?name=O%C4%9Fuz%20Ayd%C4%B1n&background=0d1f3c&color=00e5ff&size=120&bold=true&rounded=true
Turkey,Samet Akaydin,DEF,19,,73.0,72.0,40.0,60.0,51.0,83.0,76.0,Right,9.0,2.0,11318.0,1200000.0,https://ui-avatars.com/api/?name=Samet%20Akaydin&background=0d1f3c&color=00e5ff&size=120&bold=true&rounded=true
Turkey,Can Uzun,FWD,6,,72.0,76.0,70.0,56.0,81.0,26.0,68.0,Right,15.0,9.0,2514.0,45000000.0,https://ui-avatars.com/api/?name=Can%20Uzun&background=0d1f3c&color=00e5ff&size=120&bold=true&rounded=true
United States,Matt Turner,GK,54,,78.0,48.0,25.0,52.0,38.0,22.0,76.0,Right,0.0,0.0,2820.0,2500000.0,https://ui-avatars.com/api/?name=Matt%20Turner&background=0d1f3c&color=00e5ff&size=120&bold=true&rounded=true
United States,Sergiño Dest,DEF,39,,69.0,78.0,49.0,58.0,68.0,80.0,72.0,Right,9.0,26.0,14642.0,18000000.0,https://ui-avatars.com/api/?name=Sergi%C3%B1o%20Dest&background=0d1f3c&color=00e5ff&size=120&bold=true&rounded=true
United States,Chris Richards,DEF,36,,74.0,72.0,42.0,60.0,58.0,76.0,78.0,Right,5.0,5.0,11529.0,25000000.0,https://ui-avatars.com/api/?name=Chris%20Richards&background=0d1f3c&color=00e5ff&size=120&bold=true&rounded=true
United States,Tyler Adams,MID,54,,76.0,74.0,58.0,72.0,72.0,78.0,76.0,Right,4.0,9.0,12884.0,25000000.0,https://ui-avatars.com/api/?name=Tyler%20Adams&background=0d1f3c&color=00e5ff&size=120&bold=true&rounded=true
United States,Antonee Robinson,DEF,54,,80.0,86.0,55.0,72.0,72.0,78.0,78.0,Right,1.0,19.0,14277.0,25000000.0,https://ui-avatars.com/api/?name=Antonee%20Robinson&background=0d1f3c&color=00e5ff&size=120&bold=true&rounded=true
United States,Auston Trusty,DEF,8,,72.0,63.0,48.0,68.0,56.0,83.0,70.0,Right,4.0,1.0,8636.0,6000000.0,https://ui-avatars.com/api/?name=Auston%20Trusty&background=0d1f3c&color=00e5ff&size=120&bold=true&rounded=true
United States,Giovanni Reyna,MID,38,,78.0,78.0,72.0,78.0,82.0,40.0,60.0,Right,20.0,20.0,6567.0,4000000.0,https://ui-avatars.com/api/?name=Giovanni%20Reyna&background=0d1f3c&color=00e5ff&size=120&bold=true&rounded=true
United States,Weston McKennie,MID,66,,78.0,72.0,68.0,72.0,74.0,76.0,80.0,Right,32.0,35.0,23516.0,30000000.0,https://ui-avatars.com/api/?name=Weston%20McKennie&background=0d1f3c&color=00e5ff&size=120&bold=true&rounded=true
United States,Ricardo Pepi,FWD,37,,76.0,78.0,76.0,60.0,72.0,28.0,72.0,Right,58.0,11.0,6655.0,25000000.0,https://ui-avatars.com/api/?name=Ricardo%20Pepi&background=0d1f3c&color=00e5ff&size=120&bold=true&rounded=true
United States,Christian Pulisic,FWD,86,,82.0,82.0,76.0,78.0,84.0,38.0,62.0,Right,87.0,72.0,24169.0,50000000.0,https://ui-avatars.com/api/?name=Christian%20Pulisic&background=0d1f3c&color=00e5ff&size=120&bold=true&rounded=true
United States,Brenden Aaronson,FWD,58,,77.0,76.0,68.0,76.0,78.0,55.0,65.0,Right,7.0,10.0,6648.0,18000000.0,https://ui-avatars.com/api/?name=Brenden%20Aaronson&background=0d1f3c&color=00e5ff&size=120&bold=true&rounded=true
United States,Miles Robinson,DEF,40,,81.0,76.0,45.0,58.0,55.0,82.0,82.0,Right,,,,,https://ui-avatars.com/api/?name=Miles%20Robinson&background=0d1f3c&color=00e5ff&size=120&bold=true&rounded=true
United States,Tim Ream,DEF,82,,71.0,58.0,41.0,57.0,66.0,76.0,76.0,Right,2.0,0.0,7751.0,200000.0,https://ui-avatars.com/api/?name=Tim%20Ream&background=0d1f3c&color=00e5ff&size=120&bold=true&rounded=true
United States,Sebastian Berhalter,MID,13,,79.0,77.0,74.0,68.0,79.0,55.0,66.0,Right,20.0,12.0,6023.0,300000.0,https://ui-avatars.com/api/?name=Sebastian%20Berhalter&background=0d1f3c&color=00e5ff&size=120&bold=true&rounded=true
United States,Cristian Roldan,MID,47,,69.0,62.0,74.0,67.0,74.0,76.0,73.0,Right,1.0,0.0,1167.0,250000.0,https://ui-avatars.com/api/?name=Cristian%20Roldan&background=0d1f3c&color=00e5ff&size=120&bold=true&rounded=true
United States,Alex Freeman,DEF,17,,74.0,59.0,56.0,54.0,51.0,82.0,74.0,Right,0.0,0.0,340.0,3500000.0,https://ui-avatars.com/api/?name=Alex%20Freeman&background=0d1f3c&color=00e5ff&size=120&bold=true&rounded=true
United States,Malik Tillman,MID,30,,76.0,74.0,72.0,74.0,78.0,50.0,68.0,Right,46.0,26.0,10045.0,30000000.0,https://ui-avatars.com/api/?name=Malik%20Tillman&background=0d1f3c&color=00e5ff&size=120&bold=true&rounded=true
United States,Max Arfsten,DEF,20,,73.0,60.0,49.0,70.0,59.0,78.0,79.0,Right,,,,,https://ui-avatars.com/api/?name=Max%20Arfsten&background=0d1f3c&color=00e5ff&size=120&bold=true&rounded=true
United States,Haji Wright,FWD,20,,75.0,78.0,72.0,55.0,84.0,37.0,75.0,Right,41.0,9.0,7636.0,14000000.0,https://ui-avatars.com/api/?name=Haji%20Wright&background=0d1f3c&color=00e5ff&size=120&bold=true&rounded=true
United States,Folarin Balogun,FWD,27,,79.0,82.0,78.0,65.0,76.0,30.0,72.0,Right,52.0,16.0,8536.0,30000000.0,https://ui-avatars.com/api/?name=Folarin%20Balogun&background=0d1f3c&color=00e5ff&size=120&bold=true&rounded=true
United States,Timothy Weah,FWD,51,,77.0,88.0,72.0,66.0,78.0,38.0,70.0,Right,24.0,19.0,12135.0,20000000.0,https://ui-avatars.com/api/?name=Timothy%20Weah&background=0d1f3c&color=00e5ff&size=120&bold=true&rounded=true
United States,Mark McKenzie,DEF,29,,72.0,67.0,38.0,66.0,52.0,72.0,81.0,Right,2.0,7.0,12178.0,6000000.0,https://ui-avatars.com/api/?name=Mark%20McKenzie&background=0d1f3c&color=00e5ff&size=120&bold=true&rounded=true
United States,Joe Scally,DEF,26,,78.0,75.0,54.0,70.0,53.0,73.0,73.0,Right,5.0,9.0,12606.0,7000000.0,https://ui-avatars.com/api/?name=Joe%20Scally&background=0d1f3c&color=00e5ff&size=120&bold=true&rounded=true
United States,Matt Freese,GK,15,,69.0,47.0,22.0,48.0,42.0,21.0,77.0,Right,12.0,8.0,9694.0,2500000.0,https://ui-avatars.com/api/?name=Matt%20Freese&background=0d1f3c&color=00e5ff&size=120&bold=true&rounded=true
United States,Chris Brady,GK,1,,73.0,49.0,24.0,49.0,42.0,18.0,73.0,Right,2.0,1.0,2397.0,250000.0,https://ui-avatars.com/api/?name=Chris%20Brady&background=0d1f3c&color=00e5ff&size=120&bold=true&rounded=true
United States,Alejandro Zendejas,FWD,14,,68.0,80.0,76.0,55.0,73.0,40.0,58.0,Right,,,,,https://ui-avatars.com/api/?name=Alejandro%20Zendejas&background=0d1f3c&color=00e5ff&size=120&bold=true&rounded=true
Curaçao,Eloy Room,GK,71,,77.0,41.0,29.0,47.0,34.0,24.0,66.0,Right,0.0,0.0,14845.0,200000.0,https://ui-avatars.com/api/?name=Eloy%20Room&background=0d1f3c&color=00e5ff&size=120&bold=true&rounded=true
Curaçao,Shurandy Sambo,DEF,8,,75.0,81.0,56.0,57.0,66.0,72.0,81.0,Right,2.0,3.0,4467.0,1500000.0,https://ui-avatars.com/api/?name=Shurandy%20Sambo&background=0d1f3c&color=00e5ff&size=120&bold=true&rounded=true
Curaçao,Juriën Gaari,DEF,60,,74.0,78.0,47.0,68.0,54.0,83.0,70.0,Right,4.0,2.0,9359.0,450000.0,https://ui-avatars.com/api/?name=Juri%C3%ABn%20Gaari&background=0d1f3c&color=00e5ff&size=120&bold=true&rounded=true
Curaçao,Roshon van Eijma,DEF,28,,74.0,59.0,42.0,62.0,57.0,80.0,76.0,Right,0.0,1.0,2076.0,375000.0,https://ui-avatars.com/api/?name=Roshon%20van%20Eijma&background=0d1f3c&color=00e5ff&size=120&bold=true&rounded=true
Curaçao,Sherel Floranus,DEF,28,,78.0,55.0,47.0,68.0,52.0,79.0,70.0,Right,4.0,14.0,20445.0,800000.0,https://ui-avatars.com/api/?name=Sherel%20Floranus&background=0d1f3c&color=00e5ff&size=120&bold=true&rounded=true
Curaçao,Godfried Roemeratoe,MID,28,,72.0,77.0,75.0,72.0,77.0,63.0,63.0,Right,2.0,4.0,8118.0,400000.0,https://ui-avatars.com/api/?name=Godfried%20Roemeratoe&background=0d1f3c&color=00e5ff&size=120&bold=true&rounded=true
Curaçao,Juninho Bacuna,MID,49,,78.0,77.0,69.0,71.0,70.0,77.0,78.0,Right,5.0,13.0,7915.0,2200000.0,https://ui-avatars.com/api/?name=Juninho%20Bacuna&background=0d1f3c&color=00e5ff&size=120&bold=true&rounded=true
Curaçao,Livano Comenencia,MID,20,,78.0,62.0,59.0,72.0,83.0,59.0,65.0,Right,,,,,https://ui-avatars.com/api/?name=Livano%20Comenencia&background=0d1f3c&color=00e5ff&size=120&bold=true&rounded=true
Curaçao,Jürgen Locadia,FWD,13,,79.0,88.0,82.0,62.0,79.0,33.0,59.0,Right,74.0,43.0,13807.0,1800000.0,https://ui-avatars.com/api/?name=J%C3%BCrgen%20Locadia&background=0d1f3c&color=00e5ff&size=120&bold=true&rounded=true
Curaçao,Leandro Bacuna,MID,72,,69.0,60.0,71.0,68.0,81.0,53.0,73.0,Right,17.0,11.0,12383.0,900000.0,https://ui-avatars.com/api/?name=Leandro%20Bacuna&background=0d1f3c&color=00e5ff&size=120&bold=true&rounded=true
Curaçao,Jeremy Antonisse,FWD,27,,76.0,80.0,76.0,72.0,81.0,28.0,69.0,Right,2.0,6.0,3969.0,800000.0,https://ui-avatars.com/api/?name=Jeremy%20Antonisse&background=0d1f3c&color=00e5ff&size=120&bold=true&rounded=true
Curaçao,Sontje Hansen,FWD,6,,78.0,79.0,69.0,67.0,76.0,40.0,59.0,Right,13.0,11.0,4135.0,3000000.0,https://ui-avatars.com/api/?name=Sontje%20Hansen&background=0d1f3c&color=00e5ff&size=120&bold=true&rounded=true
Curaçao,Tyrese Noslin,FWD,7,,78.0,81.0,82.0,71.0,79.0,33.0,65.0,Right,3.0,4.0,2632.0,750000.0,https://ui-avatars.com/api/?name=Tyrese%20Noslin&background=0d1f3c&color=00e5ff&size=120&bold=true&rounded=true
Curaçao,Kenji Gorré,FWD,38,,78.0,85.0,79.0,72.0,77.0,36.0,76.0,Right,12.0,18.0,5936.0,800000.0,https://ui-avatars.com/api/?name=Kenji%20Gorr%C3%A9&background=0d1f3c&color=00e5ff&size=120&bold=true&rounded=true
Curaçao,Ar'jany Martha,MID,9,,68.0,81.0,75.0,67.0,77.0,72.0,66.0,Right,0.0,3.0,1369.0,1200000.0,https://ui-avatars.com/api/?name=Ar%27jany%20Martha&background=0d1f3c&color=00e5ff&size=120&bold=true&rounded=true
Curaçao,Jearl Margaritha,FWD,22,,68.0,83.0,76.0,69.0,73.0,37.0,65.0,Right,,,,,https://ui-avatars.com/api/?name=Jearl%20Margaritha&background=0d1f3c&color=00e5ff&size=120&bold=true&rounded=true
Curaçao,Brandley Kuwas,FWD,35,,75.0,85.0,74.0,66.0,82.0,35.0,70.0,Right,35.0,53.0,14807.0,300000.0,https://ui-avatars.com/api/?name=Brandley%20Kuwas&background=0d1f3c&color=00e5ff&size=120&bold=true&rounded=true
Curaçao,Armando Obispo,DEF,6,,69.0,56.0,55.0,64.0,69.0,82.0,71.0,Right,7.0,3.0,9295.0,4000000.0,https://ui-avatars.com/api/?name=Armando%20Obispo&background=0d1f3c&color=00e5ff&size=120&bold=true&rounded=true
Curaçao,Gervane Kastaneer,FWD,29,,70.0,83.0,80.0,65.0,76.0,25.0,60.0,Right,11.0,4.0,3989.0,200000.0,https://ui-avatars.com/api/?name=Gervane%20Kastaneer&background=0d1f3c&color=00e5ff&size=120&bold=true&rounded=true
Curaçao,Joshua Brenet,DEF,18,,73.0,73.0,57.0,56.0,61.0,80.0,74.0,Right,19.0,25.0,20597.0,1000000.0,https://ui-avatars.com/api/?name=Joshua%20Brenet&background=0d1f3c&color=00e5ff&size=120&bold=true&rounded=true
Curaçao,Tahith Chong,MID,6,,75.0,67.0,70.0,72.0,68.0,61.0,64.0,Right,6.0,8.0,3683.0,6000000.0,https://ui-avatars.com/api/?name=Tahith%20Chong&background=0d1f3c&color=00e5ff&size=120&bold=true&rounded=true
Curaçao,Kevin Felida,MID,19,,70.0,58.0,58.0,72.0,70.0,59.0,61.0,Right,1.0,0.0,1499.0,350000.0,https://ui-avatars.com/api/?name=Kevin%20Felida&background=0d1f3c&color=00e5ff&size=120&bold=true&rounded=true
Curaçao,Riechedly Bazoer,DEF,5,,78.0,79.0,44.0,70.0,63.0,78.0,80.0,Right,23.0,19.0,21657.0,1500000.0,https://ui-avatars.com/api/?name=Riechedly%20Bazoer&background=0d1f3c&color=00e5ff&size=120&bold=true&rounded=true
Curaçao,Deveron Fonville,DEF,2,,78.0,56.0,43.0,65.0,62.0,80.0,73.0,Right,0.0,3.0,1710.0,1000000.0,https://ui-avatars.com/api/?name=Deveron%20Fonville&background=0d1f3c&color=00e5ff&size=120&bold=true&rounded=true
Curaçao,Tyrick Bodak,GK,4,,71.0,45.0,29.0,51.0,30.0,26.0,66.0,Right,,,,,https://ui-avatars.com/api/?name=Tyrick%20Bodak&background=0d1f3c&color=00e5ff&size=120&bold=true&rounded=true
Curaçao,Trevor Doornbusch,GK,8,,72.0,48.0,23.0,50.0,32.0,24.0,70.0,Right,,,,,https://ui-avatars.com/api/?name=Trevor%20Doornbusch&background=0d1f3c&color=00e5ff&size=120&bold=true&rounded=true
Ecuador,Hernán Galíndez,GK,35,,77.0,42.0,24.0,43.0,44.0,21.0,68.0,Right,0.0,0.0,1004.0,400000.0,https://ui-avatars.com/api/?name=Hern%C3%A1n%20Gal%C3%ADndez&background=0d1f3c&color=00e5ff&size=120&bold=true&rounded=true
Ecuador,Félix Torres,DEF,49,,79.0,78.0,56.0,52.0,54.0,77.0,74.0,Right,2.0,2.0,3067.0,2000000.0,https://ui-avatars.com/api/?name=F%C3%A9lix%20Torres&background=0d1f3c&color=00e5ff&size=120&bold=true&rounded=true
Ecuador,Piero Hincapié,DEF,52,,75.0,62.0,41.0,70.0,59.0,77.0,83.0,Right,8.0,7.0,14955.0,50000000.0,https://ui-avatars.com/api/?name=Piero%20Hincapi%C3%A9&background=0d1f3c&color=00e5ff&size=120&bold=true&rounded=true
Ecuador,Joel Ordóñez,DEF,17,,73.0,79.0,47.0,69.0,66.0,78.0,76.0,Right,5.0,0.0,6172.0,33000000.0,https://ui-avatars.com/api/?name=Joel%20Ord%C3%B3%C3%B1ez&background=0d1f3c&color=00e5ff&size=120&bold=true&rounded=true
Ecuador,Jordy Alcívar,MID,11,,73.0,71.0,57.0,69.0,83.0,75.0,79.0,Right,0.0,0.0,135.0,200000.0,https://ui-avatars.com/api/?name=Jordy%20Alc%C3%ADvar&background=0d1f3c&color=00e5ff&size=120&bold=true&rounded=true
Ecuador,Willian Pacho,DEF,34,,73.0,78.0,36.0,67.0,68.0,83.0,81.0,Right,2.0,5.0,14486.0,70000000.0,https://ui-avatars.com/api/?name=Willian%20Pacho&background=0d1f3c&color=00e5ff&size=120&bold=true&rounded=true
Ecuador,Pervis Estupiñán,DEF,54,,72.0,71.0,48.0,68.0,62.0,83.0,83.0,Right,7.0,25.0,16328.0,14000000.0,https://ui-avatars.com/api/?name=Pervis%20Estupi%C3%B1%C3%A1n&background=0d1f3c&color=00e5ff&size=120&bold=true&rounded=true
Ecuador,Anthony Valencia,MID,3,,79.0,63.0,75.0,68.0,83.0,68.0,75.0,Right,8.0,3.0,2121.0,1000000.0,https://ui-avatars.com/api/?name=Anthony%20Valencia&background=0d1f3c&color=00e5ff&size=120&bold=true&rounded=true
Ecuador,John Yeboah,FWD,23,,73.0,88.0,74.0,55.0,73.0,41.0,72.0,Right,3.0,3.0,2653.0,1500000.0,https://ui-avatars.com/api/?name=John%20Yeboah&background=0d1f3c&color=00e5ff&size=120&bold=true&rounded=true
Ecuador,Kendry Páez,MID,26,,80.0,79.0,67.0,65.0,68.0,55.0,63.0,Right,1.0,0.0,438.0,9000000.0,https://ui-avatars.com/api/?name=Kendry%20P%C3%A1ez&background=0d1f3c&color=00e5ff&size=120&bold=true&rounded=true
Ecuador,Kevin Rodríguez,FWD,31,,78.0,60.0,78.0,85.0,82.0,38.0,55.0,Right,12.0,6.0,3469.0,5000000.0,https://ui-avatars.com/api/?name=Kevin%20Rodr%C3%ADguez&background=0d1f3c&color=00e5ff&size=120&bold=true&rounded=true
Ecuador,Moisés Ramírez,GK,7,,73.0,54.0,30.0,54.0,35.0,24.0,73.0,Right,0.0,0.0,1980.0,800000.0,https://ui-avatars.com/api/?name=Mois%C3%A9s%20Ram%C3%ADrez&background=0d1f3c&color=00e5ff&size=120&bold=true&rounded=true
Ecuador,Enner Valencia,FWD,105,,79.0,87.0,72.0,74.0,84.0,34.0,75.0,Right,69.0,24.0,11795.0,1000000.0,https://ui-avatars.com/api/?name=Enner%20Valencia&background=0d1f3c&color=00e5ff&size=120&bold=true&rounded=true
Ecuador,Alan Minda,MID,20,,72.0,70.0,65.0,81.0,81.0,71.0,72.0,Right,12.0,12.0,3965.0,3000000.0,https://ui-avatars.com/api/?name=Alan%20Minda&background=0d1f3c&color=00e5ff&size=120&bold=true&rounded=true
Ecuador,Pedro Vite,MID,17,,75.0,74.0,67.0,74.0,70.0,63.0,78.0,Right,0.0,0.0,17.0,150000.0,https://ui-avatars.com/api/?name=Pedro%20Vite&background=0d1f3c&color=00e5ff&size=120&bold=true&rounded=true
Ecuador,Jordy Caicedo,FWD,20,,82.0,70.0,68.0,76.0,76.0,82.0,82.0,Right,3.0,1.0,723.0,1500000.0,https://ui-avatars.com/api/?name=Jordy%20Caicedo&background=0d1f3c&color=00e5ff&size=120&bold=true&rounded=true
Ecuador,Ángelo Preciado,DEF,55,,74.0,59.0,54.0,66.0,59.0,76.0,73.0,Right,2.0,12.0,4570.0,3800000.0,https://ui-avatars.com/api/?name=%C3%81ngelo%20Preciado&background=0d1f3c&color=00e5ff&size=120&bold=true&rounded=true
Ecuador,Denil Castillo,MID,5,,75.0,61.0,61.0,71.0,69.0,52.0,60.0,Right,6.0,8.0,4110.0,5500000.0,https://ui-avatars.com/api/?name=Denil%20Castillo&background=0d1f3c&color=00e5ff&size=120&bold=true&rounded=true
Ecuador,Gonzalo Plata,FWD,50,,77.0,75.0,73.0,63.0,77.0,38.0,69.0,Right,5.0,13.0,4141.0,8000000.0,https://ui-avatars.com/api/?name=Gonzalo%20Plata&background=0d1f3c&color=00e5ff&size=120&bold=true&rounded=true
Ecuador,Nilson Angulo,FWD,14,,81.0,75.0,72.0,66.0,81.0,31.0,60.0,Right,10.0,10.0,3627.0,17000000.0,https://ui-avatars.com/api/?name=Nilson%20Angulo&background=0d1f3c&color=00e5ff&size=120&bold=true&rounded=true
Ecuador,Alan Franco,MID,58,,76.0,71.0,64.0,80.0,83.0,71.0,69.0,Right,26.0,22.0,9058.0,300000.0,https://ui-avatars.com/api/?name=Alan%20Franco&background=0d1f3c&color=00e5ff&size=120&bold=true&rounded=true
Ecuador,Gonzalo Valle,GK,4,,78.0,52.0,25.0,51.0,38.0,21.0,72.0,Right,2.0,6.0,7120.0,1800000.0,https://ui-avatars.com/api/?name=Gonzalo%20Valle&background=0d1f3c&color=00e5ff&size=120&bold=true&rounded=true
Ecuador,Moisés Caicedo,MID,61,,82.0,70.0,68.0,76.0,76.0,82.0,82.0,Right,10.0,13.0,16994.0,110000000.0,https://ui-avatars.com/api/?name=Mois%C3%A9s%20Caicedo&background=0d1f3c&color=00e5ff&size=120&bold=true&rounded=true
Ecuador,Jeremy Arévalo,FWD,4,,80.0,89.0,77.0,65.0,80.0,28.0,75.0,Right,0.0,1.0,32.0,7000000.0,https://ui-avatars.com/api/?name=Jeremy%20Ar%C3%A9valo&background=0d1f3c&color=00e5ff&size=120&bold=true&rounded=true
Ecuador,Jackson Porozo,DEF,10,,70.0,81.0,41.0,55.0,64.0,73.0,77.0,Right,5.0,1.0,6627.0,2500000.0,https://ui-avatars.com/api/?name=Jackson%20Porozo&background=0d1f3c&color=00e5ff&size=120&bold=true&rounded=true
Ecuador,Yaimar Medina,DEF,6,,80.0,74.0,49.0,65.0,56.0,76.0,79.0,Right,1.0,1.0,1800.0,4000000.0,https://ui-avatars.com/api/?name=Yaimar%20Medina&background=0d1f3c&color=00e5ff&size=120&bold=true&rounded=true
Germany,Manuel Neuer,GK,124,,85.0,52.0,30.0,62.0,42.0,25.0,82.0,Right,0.0,2.0,48980.0,4000000.0,https://ui-avatars.com/api/?name=Manuel%20Neuer&background=0d1f3c&color=00e5ff&size=120&bold=true&rounded=true
Germany,Antonio Rüdiger,DEF,82,,84.0,80.0,48.0,58.0,58.0,85.0,86.0,Right,22.0,15.0,43869.0,9000000.0,https://ui-avatars.com/api/?name=Antonio%20R%C3%BCdiger&background=0d1f3c&color=00e5ff&size=120&bold=true&rounded=true
Germany,Waldemar Anton,DEF,13,,83.0,66.0,48.0,54.0,67.0,76.0,72.0,Right,13.0,12.0,25367.0,18000000.0,https://ui-avatars.com/api/?name=Waldemar%20Anton&background=0d1f3c&color=00e5ff&size=120&bold=true&rounded=true
Germany,Jonathan Tah,DEF,47,,80.0,80.0,39.0,66.0,68.0,74.0,78.0,Right,21.0,17.0,39790.0,30000000.0,https://ui-avatars.com/api/?name=Jonathan%20Tah&background=0d1f3c&color=00e5ff&size=120&bold=true&rounded=true
Germany,Aleksandar Pavlović,MID,11,,78.0,69.0,63.0,65.0,69.0,70.0,63.0,Right,7.0,5.0,6599.0,75000000.0,https://ui-avatars.com/api/?name=Aleksandar%20Pavlovi%C4%87&background=0d1f3c&color=00e5ff&size=120&bold=true&rounded=true
Germany,Joshua Kimmich,DEF,110,,86.0,70.0,68.0,85.0,80.0,83.0,78.0,Right,47.0,131.0,40093.0,40000000.0,https://ui-avatars.com/api/?name=Joshua%20Kimmich&background=0d1f3c&color=00e5ff&size=120&bold=true&rounded=true
Germany,Kai Havertz,FWD,58,,83.0,75.0,78.0,76.0,80.0,52.0,72.0,Right,106.0,62.0,27322.0,50000000.0,https://ui-avatars.com/api/?name=Kai%20Havertz&background=0d1f3c&color=00e5ff&size=120&bold=true&rounded=true
Germany,Leon Goretzka,MID,70,,83.0,64.0,76.0,65.0,68.0,73.0,61.0,Right,70.0,69.0,30188.0,15000000.0,https://ui-avatars.com/api/?name=Leon%20Goretzka&background=0d1f3c&color=00e5ff&size=120&bold=true&rounded=true
Germany,Jamie Leweling,MID,5,,85.0,68.0,63.0,71.0,73.0,66.0,76.0,Right,26.0,27.0,9738.0,40000000.0,https://ui-avatars.com/api/?name=Jamie%20Leweling&background=0d1f3c&color=00e5ff&size=120&bold=true&rounded=true
Germany,Jamal Musiala,MID,42,,87.0,80.0,78.0,82.0,90.0,40.0,60.0,Right,69.0,45.0,13261.0,120000000.0,https://ui-avatars.com/api/?name=Jamal%20Musiala&background=0d1f3c&color=00e5ff&size=120&bold=true&rounded=true
Germany,Nick Woltemade,FWD,11,,75.0,77.0,81.0,60.0,73.0,25.0,67.0,Right,31.0,9.0,6671.0,65000000.0,https://ui-avatars.com/api/?name=Nick%20Woltemade&background=0d1f3c&color=00e5ff&size=120&bold=true&rounded=true
Germany,Oliver Baumann,GK,13,,78.0,44.0,21.0,55.0,38.0,19.0,74.0,Right,0.0,3.0,46999.0,3000000.0,https://ui-avatars.com/api/?name=Oliver%20Baumann&background=0d1f3c&color=00e5ff&size=120&bold=true&rounded=true
Germany,Pascal Groß,MID,18,,75.0,73.0,70.0,71.0,73.0,61.0,74.0,Right,40.0,82.0,31772.0,3500000.0,https://ui-avatars.com/api/?name=Pascal%20Gro%C3%9F&background=0d1f3c&color=00e5ff&size=120&bold=true&rounded=true
Germany,Maximilian Beier,FWD,9,,81.0,77.0,79.0,64.0,74.0,41.0,64.0,Right,38.0,20.0,7943.0,40000000.0,https://ui-avatars.com/api/?name=Maximilian%20Beier&background=0d1f3c&color=00e5ff&size=120&bold=true&rounded=true
Germany,Nico Schlotterbeck,DEF,27,,78.0,74.0,38.0,63.0,69.0,77.0,84.0,Right,17.0,20.0,19191.0,55000000.0,https://ui-avatars.com/api/?name=Nico%20Schlotterbeck&background=0d1f3c&color=00e5ff&size=120&bold=true&rounded=true
Germany,Angelo Stiller,MID,8,,81.0,65.0,75.0,79.0,73.0,69.0,73.0,Right,11.0,30.0,13986.0,45000000.0,https://ui-avatars.com/api/?name=Angelo%20Stiller&background=0d1f3c&color=00e5ff&size=120&bold=true&rounded=true
Germany,Florian Wirtz,MID,41,,87.0,78.0,80.0,84.0,88.0,48.0,58.0,Right,63.0,74.0,17714.0,110000000.0,https://ui-avatars.com/api/?name=Florian%20Wirtz&background=0d1f3c&color=00e5ff&size=120&bold=true&rounded=true
Germany,Nathaniel Brown,DEF,5,,84.0,63.0,42.0,66.0,51.0,80.0,77.0,Right,7.0,13.0,5843.0,35000000.0,https://ui-avatars.com/api/?name=Nathaniel%20Brown&background=0d1f3c&color=00e5ff&size=120&bold=true&rounded=true
Germany,Leroy Sané,MID,76,,83.0,90.0,78.0,78.0,86.0,35.0,62.0,Right,117.0,112.0,28966.0,20000000.0,https://ui-avatars.com/api/?name=Leroy%20San%C3%A9&background=0d1f3c&color=00e5ff&size=120&bold=true&rounded=true
Germany,Nadiem Amiri,MID,11,,76.0,65.0,66.0,65.0,77.0,69.0,62.0,Right,49.0,45.0,20921.0,17000000.0,https://ui-avatars.com/api/?name=Nadiem%20Amiri&background=0d1f3c&color=00e5ff&size=120&bold=true&rounded=true
Germany,Alexander Nübel,GK,3,,79.0,46.0,23.0,57.0,40.0,20.0,69.0,Right,0.0,3.0,25311.0,12000000.0,https://ui-avatars.com/api/?name=Alexander%20N%C3%BCbel&background=0d1f3c&color=00e5ff&size=120&bold=true&rounded=true
Germany,David Raum,DEF,37,,76.0,65.0,46.0,59.0,57.0,79.0,81.0,Right,10.0,43.0,14284.0,22000000.0,https://ui-avatars.com/api/?name=David%20Raum&background=0d1f3c&color=00e5ff&size=120&bold=true&rounded=true
Germany,Felix Nmecha,MID,8,,85.0,66.0,58.0,69.0,72.0,57.0,68.0,Right,16.0,16.0,9316.0,50000000.0,https://ui-avatars.com/api/?name=Felix%20Nmecha&background=0d1f3c&color=00e5ff&size=120&bold=true&rounded=true
Germany,Malick Thiaw,DEF,5,,81.0,72.0,44.0,69.0,55.0,83.0,71.0,Right,7.0,3.0,12765.0,45000000.0,https://ui-avatars.com/api/?name=Malick%20Thiaw&background=0d1f3c&color=00e5ff&size=120&bold=true&rounded=true
Germany,Assan Ouédraogo,MID,1,,80.0,73.0,57.0,77.0,70.0,76.0,77.0,Right,4.0,4.0,1030.0,28000000.0,https://ui-avatars.com/api/?name=Assan%20Ou%C3%A9draogo&background=0d1f3c&color=00e5ff&size=120&bold=true&rounded=true
Germany,Deniz Undav,FWD,9,,84.0,79.0,73.0,55.0,83.0,25.0,65.0,Right,89.0,41.0,11971.0,22000000.0,https://ui-avatars.com/api/?name=Deniz%20Undav&background=0d1f3c&color=00e5ff&size=120&bold=true&rounded=true
Ivory Coast,Yahia Fofana,GK,35,,72.0,51.0,30.0,44.0,33.0,23.0,78.0,Right,0.0,1.0,6750.0,5000000.0,https://ui-avatars.com/api/?name=Yahia%20Fofana&background=0d1f3c&color=00e5ff&size=120&bold=true&rounded=true
Ivory Coast,Ousmane Diomande,DEF,15,,73.0,73.0,43.0,61.0,60.0,78.0,70.0,Right,8.0,3.0,9782.0,45000000.0,https://ui-avatars.com/api/?name=Ousmane%20Diomande&background=0d1f3c&color=00e5ff&size=120&bold=true&rounded=true
Ivory Coast,Ghislain Konan,DEF,54,,74.0,75.0,55.0,62.0,51.0,75.0,81.0,Right,3.0,8.0,15597.0,3000000.0,https://ui-avatars.com/api/?name=Ghislain%20Konan&background=0d1f3c&color=00e5ff&size=120&bold=true&rounded=true
Ivory Coast,Jean Michaël Seri,MID,65,,73.0,80.0,59.0,67.0,68.0,53.0,79.0,Right,17.0,35.0,20335.0,1500000.0,https://ui-avatars.com/api/?name=Jean%20Micha%C3%ABl%20Seri&background=0d1f3c&color=00e5ff&size=120&bold=true&rounded=true
Ivory Coast,Wilfried Singo,DEF,34,,69.0,80.0,39.0,52.0,58.0,75.0,75.0,Right,13.0,17.0,13483.0,23000000.0,https://ui-avatars.com/api/?name=Wilfried%20Singo&background=0d1f3c&color=00e5ff&size=120&bold=true&rounded=true
Ivory Coast,Seko Fofana,MID,32,,69.0,63.0,73.0,76.0,76.0,60.0,61.0,Right,36.0,26.0,22358.0,8000000.0,https://ui-avatars.com/api/?name=Seko%20Fofana&background=0d1f3c&color=00e5ff&size=120&bold=true&rounded=true
Ivory Coast,Odilon Kossounou,DEF,35,,79.0,66.0,43.0,70.0,51.0,77.0,72.0,Right,3.0,8.0,14086.0,18000000.0,https://ui-avatars.com/api/?name=Odilon%20Kossounou&background=0d1f3c&color=00e5ff&size=120&bold=true&rounded=true
Ivory Coast,Franck Kessié,MID,103,,79.0,73.0,75.0,65.0,72.0,52.0,79.0,Right,47.0,23.0,22920.0,12000000.0,https://ui-avatars.com/api/?name=Franck%20Kessi%C3%A9&background=0d1f3c&color=00e5ff&size=120&bold=true&rounded=true
Ivory Coast,Ange-Yoan Bonny,FWD,1,,69.0,80.0,70.0,69.0,73.0,35.0,73.0,Right,13.0,13.0,4243.0,35000000.0,https://ui-avatars.com/api/?name=Ange-Yoan%20Bonny&background=0d1f3c&color=00e5ff&size=120&bold=true&rounded=true
Ivory Coast,Simon Adingra,FWD,29,,73.0,88.0,72.0,66.0,82.0,39.0,60.0,Right,32.0,23.0,9412.0,25000000.0,https://ui-avatars.com/api/?name=Simon%20Adingra&background=0d1f3c&color=00e5ff&size=120&bold=true&rounded=true
Ivory Coast,Yan Diomande,FWD,10,,68.0,87.0,69.0,56.0,74.0,32.0,72.0,Right,16.0,11.0,3618.0,75000000.0,https://ui-avatars.com/api/?name=Yan%20Diomande&background=0d1f3c&color=00e5ff&size=120&bold=true&rounded=true
Ivory Coast,Elye Wahi,FWD,2,,74.0,77.0,76.0,74.0,83.0,25.0,65.0,Right,53.0,18.0,9281.0,12000000.0,https://ui-avatars.com/api/?name=Elye%20Wahi&background=0d1f3c&color=00e5ff&size=120&bold=true&rounded=true
Ivory Coast,Christopher Opéri,DEF,12,,74.0,77.0,37.0,53.0,64.0,77.0,84.0,Right,6.0,16.0,7779.0,4000000.0,https://ui-avatars.com/api/?name=Christopher%20Op%C3%A9ri&background=0d1f3c&color=00e5ff&size=120&bold=true&rounded=true
Ivory Coast,Oumar Diakité,FWD,29,,72.0,74.0,76.0,68.0,75.0,38.0,61.0,Right,12.0,4.0,4428.0,5000000.0,https://ui-avatars.com/api/?name=Oumar%20Diakit%C3%A9&background=0d1f3c&color=00e5ff&size=120&bold=true&rounded=true
Ivory Coast,Amad Diallo,FWD,19,,79.0,88.0,74.0,63.0,74.0,37.0,72.0,Right,20.0,16.0,6810.0,50000000.0,https://ui-avatars.com/api/?name=Amad%20Diallo&background=0d1f3c&color=00e5ff&size=120&bold=true&rounded=true
Ivory Coast,Mohamed Koné,GK,0,,69.0,42.0,20.0,45.0,40.0,24.0,75.0,Right,0.0,0.0,2700.0,800000.0,https://ui-avatars.com/api/?name=Mohamed%20Kon%C3%A9&background=0d1f3c&color=00e5ff&size=120&bold=true&rounded=true
Ivory Coast,Guéla Doué,DEF,20,,78.0,56.0,48.0,55.0,63.0,75.0,74.0,Right,4.0,12.0,6696.0,18000000.0,https://ui-avatars.com/api/?name=Gu%C3%A9la%20Dou%C3%A9&background=0d1f3c&color=00e5ff&size=120&bold=true&rounded=true
Ivory Coast,Ibrahim Sangaré,MID,58,,75.0,60.0,73.0,78.0,78.0,69.0,76.0,Right,19.0,21.0,22560.0,22000000.0,https://ui-avatars.com/api/?name=Ibrahim%20Sangar%C3%A9&background=0d1f3c&color=00e5ff&size=120&bold=true&rounded=true
Ivory Coast,Nicolas Pépé,FWD,55,,76.0,79.0,75.0,68.0,81.0,30.0,73.0,Right,77.0,42.0,18118.0,6000000.0,https://ui-avatars.com/api/?name=Nicolas%20P%C3%A9p%C3%A9&background=0d1f3c&color=00e5ff&size=120&bold=true&rounded=true
Ivory Coast,Emmanuel Agbadou,DEF,20,,76.0,73.0,48.0,68.0,52.0,81.0,72.0,Right,9.0,7.0,15171.0,16000000.0,https://ui-avatars.com/api/?name=Emmanuel%20Agbadou&background=0d1f3c&color=00e5ff&size=120&bold=true&rounded=true
Ivory Coast,Evan Ndicka,DEF,28,,76.0,74.0,47.0,56.0,63.0,80.0,80.0,Right,18.0,15.0,27175.0,35000000.0,https://ui-avatars.com/api/?name=Evan%20Ndicka&background=0d1f3c&color=00e5ff&size=120&bold=true&rounded=true
Ivory Coast,Evann Guessand,FWD,21,,79.0,86.0,71.0,68.0,79.0,30.0,61.0,Right,28.0,17.0,8321.0,28000000.0,https://ui-avatars.com/api/?name=Evann%20Guessand&background=0d1f3c&color=00e5ff&size=120&bold=true&rounded=true
Ivory Coast,Alban Lafont,GK,4,,75.0,40.0,33.0,48.0,30.0,25.0,68.0,Right,0.0,0.0,32032.0,3000000.0,https://ui-avatars.com/api/?name=Alban%20Lafont&background=0d1f3c&color=00e5ff&size=120&bold=true&rounded=true
Ivory Coast,Bazoumana Touré,FWD,6,,76.0,85.0,78.0,57.0,80.0,38.0,66.0,Right,7.0,15.0,3172.0,35000000.0,https://ui-avatars.com/api/?name=Bazoumana%20Tour%C3%A9&background=0d1f3c&color=00e5ff&size=120&bold=true&rounded=true
Ivory Coast,Parfait Guiagon,MID,5,,71.0,61.0,62.0,66.0,76.0,63.0,68.0,Right,19.0,12.0,5858.0,5000000.0,https://ui-avatars.com/api/?name=Parfait%20Guiagon&background=0d1f3c&color=00e5ff&size=120&bold=true&rounded=true
Ivory Coast,Christ Inao Oulaï,MID,9,,75.0,80.0,70.0,81.0,83.0,61.0,62.0,Right,2.0,4.0,2078.0,23000000.0,https://ui-avatars.com/api/?name=Christ%20Inao%20Oula%C3%AF&background=0d1f3c&color=00e5ff&size=120&bold=true&rounded=true
Japan,Zion Suzuki,GK,24,,71.0,44.0,34.0,44.0,33.0,22.0,67.0,Right,0.0,0.0,7275.0,20000000.0,https://ui-avatars.com/api/?name=Zion%20Suzuki&background=0d1f3c&color=00e5ff&size=120&bold=true&rounded=true
Japan,Yukinari Sugawara,DEF,21,,81.0,55.0,55.0,58.0,58.0,75.0,72.0,Right,14.0,32.0,16004.0,7500000.0,https://ui-avatars.com/api/?name=Yukinari%20Sugawara&background=0d1f3c&color=00e5ff&size=120&bold=true&rounded=true
Japan,Shōgo Taniguchi,DEF,38,,70.0,56.0,35.0,57.0,62.0,78.0,84.0,Right,2.0,1.0,3197.0,800000.0,https://ui-avatars.com/api/?name=Sh%C5%8Dgo%20Taniguchi&background=0d1f3c&color=00e5ff&size=120&bold=true&rounded=true
Japan,Kō Itakura,DEF,40,,77.0,66.0,56.0,61.0,63.0,80.0,72.0,Right,9.0,4.0,13565.0,10000000.0,https://ui-avatars.com/api/?name=K%C5%8D%20Itakura&background=0d1f3c&color=00e5ff&size=120&bold=true&rounded=true
Japan,Yūto Nagatomo,DEF,145,,79.0,74.0,56.0,57.0,68.0,77.0,73.0,Right,9.0,20.0,18283.0,100000.0,https://ui-avatars.com/api/?name=Y%C5%ABto%20Nagatomo&background=0d1f3c&color=00e5ff&size=120&bold=true&rounded=true
Japan,Shūto Machino,FWD,14,,78.0,75.0,74.0,61.0,83.0,28.0,69.0,Right,16.0,4.0,3365.0,5000000.0,https://ui-avatars.com/api/?name=Sh%C5%ABto%20Machino&background=0d1f3c&color=00e5ff&size=120&bold=true&rounded=true
Japan,Ao Tanaka,MID,38,,72.0,79.0,66.0,66.0,75.0,51.0,68.0,Right,4.0,0.0,1621.0,10000000.0,https://ui-avatars.com/api/?name=Ao%20Tanaka&background=0d1f3c&color=00e5ff&size=120&bold=true&rounded=true
Japan,Takefusa Kubo,MID,49,,81.0,82.0,74.0,78.0,84.0,38.0,58.0,Right,33.0,34.0,16744.0,30000000.0,https://ui-avatars.com/api/?name=Takefusa%20Kubo&background=0d1f3c&color=00e5ff&size=120&bold=true&rounded=true
Japan,Keisuke Gotō,FWD,4,,70.0,79.0,74.0,60.0,77.0,41.0,69.0,Right,12.0,5.0,2258.0,8000000.0,https://ui-avatars.com/api/?name=Keisuke%20Got%C5%8D&background=0d1f3c&color=00e5ff&size=120&bold=true&rounded=true
Japan,Ritsu Dōan,MID,65,,75.0,65.0,73.0,74.0,68.0,74.0,72.0,Right,66.0,44.0,24103.0,20000000.0,https://ui-avatars.com/api/?name=Ritsu%20D%C5%8Dan&background=0d1f3c&color=00e5ff&size=120&bold=true&rounded=true
Japan,Daizen Maeda,MID,27,,70.0,60.0,62.0,78.0,70.0,65.0,72.0,Right,62.0,27.0,14356.0,13000000.0,https://ui-avatars.com/api/?name=Daizen%20Maeda&background=0d1f3c&color=00e5ff&size=120&bold=true&rounded=true
Japan,Keisuke Ōsako,GK,11,,73.0,47.0,20.0,52.0,42.0,23.0,65.0,Right,,,,,https://ui-avatars.com/api/?name=Keisuke%20%C5%8Csako&background=0d1f3c&color=00e5ff&size=120&bold=true&rounded=true
Japan,Keito Nakamura,MID,25,,70.0,65.0,65.0,65.0,77.0,56.0,76.0,Right,22.0,4.0,5153.0,9000000.0,https://ui-avatars.com/api/?name=Keito%20Nakamura&background=0d1f3c&color=00e5ff&size=120&bold=true&rounded=true
Japan,Junya Itō,MID,69,,79.0,68.0,76.0,73.0,76.0,73.0,64.0,Right,42.0,58.0,19214.0,3500000.0,https://ui-avatars.com/api/?name=Junya%20It%C5%8D&background=0d1f3c&color=00e5ff&size=120&bold=true&rounded=true
Japan,Daichi Kamada,MID,49,,70.0,66.0,71.0,71.0,74.0,58.0,66.0,Right,55.0,40.0,20885.0,12000000.0,https://ui-avatars.com/api/?name=Daichi%20Kamada&background=0d1f3c&color=00e5ff&size=120&bold=true&rounded=true
Japan,Tsuyoshi Watanabe,DEF,11,,80.0,68.0,53.0,60.0,62.0,84.0,70.0,Right,11.0,4.0,12780.0,10000000.0,https://ui-avatars.com/api/?name=Tsuyoshi%20Watanabe&background=0d1f3c&color=00e5ff&size=120&bold=true&rounded=true
Japan,Yuito Suzuki,MID,6,,77.0,69.0,73.0,76.0,75.0,57.0,72.0,Right,27.0,15.0,6480.0,18000000.0,https://ui-avatars.com/api/?name=Yuito%20Suzuki&background=0d1f3c&color=00e5ff&size=120&bold=true&rounded=true
Japan,Ayase Ueda,FWD,39,,81.0,87.0,68.0,67.0,81.0,31.0,62.0,Right,58.0,7.0,8842.0,15000000.0,https://ui-avatars.com/api/?name=Ayase%20Ueda&background=0d1f3c&color=00e5ff&size=120&bold=true&rounded=true
Japan,Kōki Ogawa,FWD,15,,77.0,85.0,74.0,67.0,78.0,41.0,72.0,Right,33.0,6.0,5760.0,2500000.0,https://ui-avatars.com/api/?name=K%C5%8Dki%20Ogawa&background=0d1f3c&color=00e5ff&size=120&bold=true&rounded=true
Japan,Ayumu Seko,DEF,14,,73.0,72.0,52.0,51.0,53.0,72.0,84.0,Right,0.0,0.0,2625.0,5000000.0,https://ui-avatars.com/api/?name=Ayumu%20Seko&background=0d1f3c&color=00e5ff&size=120&bold=true&rounded=true
Japan,Hiroki Itō,DEF,24,,73.0,72.0,39.0,68.0,64.0,83.0,77.0,Right,4.0,7.0,9371.0,18000000.0,https://ui-avatars.com/api/?name=Hiroki%20It%C5%8D&background=0d1f3c&color=00e5ff&size=120&bold=true&rounded=true
Japan,Takehiro Tomiyasu,DEF,43,,73.0,71.0,35.0,61.0,68.0,80.0,76.0,Right,6.0,9.0,12764.0,8000000.0,https://ui-avatars.com/api/?name=Takehiro%20Tomiyasu&background=0d1f3c&color=00e5ff&size=120&bold=true&rounded=true
Japan,Tomoki Hayakawa,GK,4,,71.0,54.0,32.0,48.0,39.0,19.0,67.0,Right,1.0,0.0,1075.0,50000.0,https://ui-avatars.com/api/?name=Tomoki%20Hayakawa&background=0d1f3c&color=00e5ff&size=120&bold=true&rounded=true
Japan,Kaishū Sano,MID,13,,80.0,70.0,64.0,78.0,69.0,68.0,68.0,Right,1.0,3.0,6674.0,25000000.0,https://ui-avatars.com/api/?name=Kaish%C5%AB%20Sano&background=0d1f3c&color=00e5ff&size=120&bold=true&rounded=true
Japan,Junnosuke Suzuki,DEF,6,,78.0,61.0,37.0,69.0,55.0,82.0,74.0,Right,1.0,1.0,2073.0,2000000.0,https://ui-avatars.com/api/?name=Junnosuke%20Suzuki&background=0d1f3c&color=00e5ff&size=120&bold=true&rounded=true
Japan,Kento Shiogai,FWD,2,,71.0,77.0,70.0,70.0,85.0,32.0,59.0,Right,15.0,1.0,1509.0,8000000.0,https://ui-avatars.com/api/?name=Kento%20Shiogai&background=0d1f3c&color=00e5ff&size=120&bold=true&rounded=true
Netherlands,Bart Verbruggen,GK,29,,74.0,48.0,33.0,51.0,32.0,18.0,71.0,Right,0.0,1.0,10950.0,40000000.0,https://ui-avatars.com/api/?name=Bart%20Verbruggen&background=0d1f3c&color=00e5ff&size=120&bold=true&rounded=true
Netherlands,Lutsharel Geertruida,DEF,21,,83.0,59.0,55.0,66.0,55.0,83.0,74.0,Right,24.0,11.0,18976.0,20000000.0,https://ui-avatars.com/api/?name=Lutsharel%20Geertruida&background=0d1f3c&color=00e5ff&size=120&bold=true&rounded=true
Netherlands,Marten de Roon,MID,43,,79.0,68.0,72.0,68.0,70.0,62.0,68.0,Right,35.0,33.0,47912.0,3500000.0,https://ui-avatars.com/api/?name=Marten%20de%20Roon&background=0d1f3c&color=00e5ff&size=120&bold=true&rounded=true
Netherlands,Virgil van Dijk,DEF,92,,88.0,72.0,60.0,72.0,68.0,90.0,86.0,Right,59.0,28.0,51772.0,18000000.0,https://ui-avatars.com/api/?name=Virgil%20van%20Dijk&background=0d1f3c&color=00e5ff&size=120&bold=true&rounded=true
Netherlands,Nathan Aké,DEF,59,,78.0,60.0,46.0,51.0,52.0,74.0,81.0,Right,21.0,10.0,24259.0,15000000.0,https://ui-avatars.com/api/?name=Nathan%20Ak%C3%A9&background=0d1f3c&color=00e5ff&size=120&bold=true&rounded=true
Netherlands,Jan Paul van Hecke,DEF,12,,85.0,69.0,43.0,57.0,60.0,81.0,80.0,Right,5.0,7.0,13100.0,35000000.0,https://ui-avatars.com/api/?name=Jan%20Paul%20van%20Hecke&background=0d1f3c&color=00e5ff&size=120&bold=true&rounded=true
Netherlands,Justin Kluivert,MID,12,,82.0,79.0,58.0,65.0,75.0,56.0,61.0,Right,62.0,38.0,17852.0,30000000.0,https://ui-avatars.com/api/?name=Justin%20Kluivert&background=0d1f3c&color=00e5ff&size=120&bold=true&rounded=true
Netherlands,Ryan Gravenberch,MID,27,,81.0,62.0,61.0,68.0,72.0,73.0,60.0,Right,23.0,26.0,18754.0,90000000.0,https://ui-avatars.com/api/?name=Ryan%20Gravenberch&background=0d1f3c&color=00e5ff&size=120&bold=true&rounded=true
Netherlands,Wout Weghorst,FWD,52,,74.0,86.0,71.0,73.0,84.0,34.0,75.0,Right,171.0,62.0,34161.0,2500000.0,https://ui-avatars.com/api/?name=Wout%20Weghorst&background=0d1f3c&color=00e5ff&size=120&bold=true&rounded=true
Netherlands,Memphis Depay,FWD,109,,85.0,74.0,78.0,69.0,82.0,35.0,74.0,Right,152.0,88.0,27015.0,8000000.0,https://ui-avatars.com/api/?name=Memphis%20Depay&background=0d1f3c&color=00e5ff&size=120&bold=true&rounded=true
Netherlands,Cody Gakpo,FWD,50,,83.0,82.0,78.0,76.0,82.0,38.0,72.0,Right,97.0,70.0,20625.0,65000000.0,https://ui-avatars.com/api/?name=Cody%20Gakpo&background=0d1f3c&color=00e5ff&size=120&bold=true&rounded=true
Netherlands,Mats Wieffer,DEF,15,,74.0,60.0,39.0,57.0,51.0,75.0,77.0,Right,12.0,19.0,9062.0,25000000.0,https://ui-avatars.com/api/?name=Mats%20Wieffer&background=0d1f3c&color=00e5ff&size=120&bold=true&rounded=true
Netherlands,Robin Roefs,GK,1,,79.0,40.0,34.0,43.0,30.0,19.0,69.0,Right,0.0,0.0,6929.0,25000000.0,https://ui-avatars.com/api/?name=Robin%20Roefs&background=0d1f3c&color=00e5ff&size=120&bold=true&rounded=true
Netherlands,Tijjani Reijnders,MID,32,,81.0,81.0,57.0,75.0,80.0,53.0,73.0,Right,36.0,31.0,18015.0,60000000.0,https://ui-avatars.com/api/?name=Tijjani%20Reijnders&background=0d1f3c&color=00e5ff&size=120&bold=true&rounded=true
Netherlands,Micky van de Ven,DEF,21,,79.0,65.0,44.0,68.0,67.0,77.0,80.0,Right,11.0,6.0,11469.0,65000000.0,https://ui-avatars.com/api/?name=Micky%20van%20de%20Ven&background=0d1f3c&color=00e5ff&size=120&bold=true&rounded=true
Netherlands,Guus Til,MID,7,,78.0,67.0,59.0,69.0,77.0,77.0,64.0,Right,104.0,52.0,23244.0,15000000.0,https://ui-avatars.com/api/?name=Guus%20Til&background=0d1f3c&color=00e5ff&size=120&bold=true&rounded=true
Netherlands,Noa Lang,FWD,15,,76.0,77.0,71.0,72.0,83.0,33.0,74.0,Right,58.0,48.0,14249.0,22000000.0,https://ui-avatars.com/api/?name=Noa%20Lang&background=0d1f3c&color=00e5ff&size=120&bold=true&rounded=true
Netherlands,Donyell Malen,FWD,53,,84.0,86.0,81.0,74.0,72.0,37.0,73.0,Right,118.0,49.0,18024.0,35000000.0,https://ui-avatars.com/api/?name=Donyell%20Malen&background=0d1f3c&color=00e5ff&size=120&bold=true&rounded=true
Netherlands,Brian Brobbey,FWD,12,,79.0,75.0,72.0,59.0,80.0,41.0,70.0,Right,63.0,27.0,10506.0,25000000.0,https://ui-avatars.com/api/?name=Brian%20Brobbey&background=0d1f3c&color=00e5ff&size=120&bold=true&rounded=true
Netherlands,Teun Koopmeiners,MID,28,,75.0,70.0,76.0,67.0,77.0,51.0,72.0,Right,79.0,36.0,29010.0,20000000.0,https://ui-avatars.com/api/?name=Teun%20Koopmeiners&background=0d1f3c&color=00e5ff&size=120&bold=true&rounded=true
Netherlands,Frenkie de Jong,MID,66,,85.0,72.0,62.0,85.0,86.0,72.0,68.0,Right,18.0,36.0,24097.0,45000000.0,https://ui-avatars.com/api/?name=Frenkie%20de%20Jong&background=0d1f3c&color=00e5ff&size=120&bold=true&rounded=true
Netherlands,Denzel Dumfries,DEF,72,,76.0,80.0,51.0,70.0,63.0,83.0,74.0,Right,47.0,59.0,30365.0,25000000.0,https://ui-avatars.com/api/?name=Denzel%20Dumfries&background=0d1f3c&color=00e5ff&size=120&bold=true&rounded=true
Netherlands,Mark Flekken,GK,12,,80.0,43.0,22.0,40.0,41.0,25.0,77.0,Right,0.0,3.0,18441.0,8000000.0,https://ui-avatars.com/api/?name=Mark%20Flekken&background=0d1f3c&color=00e5ff&size=120&bold=true&rounded=true
Netherlands,Crysencio Summerville,FWD,2,,76.0,84.0,82.0,56.0,82.0,28.0,76.0,Right,14.0,11.0,6798.0,30000000.0,https://ui-avatars.com/api/?name=Crysencio%20Summerville&background=0d1f3c&color=00e5ff&size=120&bold=true&rounded=true
Netherlands,Jorrel Hato,DEF,8,,74.0,57.0,52.0,57.0,68.0,76.0,76.0,Right,6.0,10.0,10926.0,35000000.0,https://ui-avatars.com/api/?name=Jorrel%20Hato&background=0d1f3c&color=00e5ff&size=120&bold=true&rounded=true
Netherlands,Quinten Timber,MID,11,,78.0,65.0,59.0,81.0,72.0,53.0,78.0,Right,23.0,22.0,13284.0,25000000.0,https://ui-avatars.com/api/?name=Quinten%20Timber&background=0d1f3c&color=00e5ff&size=120&bold=true&rounded=true
Sweden,Jacob Widell Zetterström,GK,3,,74.0,41.0,30.0,52.0,44.0,23.0,69.0,Right,0.0,0.0,90.0,2500000.0,https://ui-avatars.com/api/?name=Jacob%20Widell%20Zetterstr%C3%B6m&background=0d1f3c&color=00e5ff&size=120&bold=true&rounded=true
Sweden,Gustaf Lagerbielke,DEF,11,,75.0,65.0,41.0,54.0,66.0,79.0,73.0,Right,6.0,3.0,6899.0,5000000.0,https://ui-avatars.com/api/?name=Gustaf%20Lagerbielke&background=0d1f3c&color=00e5ff&size=120&bold=true&rounded=true
Sweden,Victor Lindelöf,DEF,76,,78.0,68.0,46.0,55.0,66.0,74.0,72.0,Right,5.0,8.0,26927.0,6000000.0,https://ui-avatars.com/api/?name=Victor%20Lindel%C3%B6f&background=0d1f3c&color=00e5ff&size=120&bold=true&rounded=true
Sweden,Isak Hien,DEF,29,,79.0,70.0,46.0,61.0,69.0,77.0,84.0,Right,2.0,2.0,11903.0,22000000.0,https://ui-avatars.com/api/?name=Isak%20Hien&background=0d1f3c&color=00e5ff&size=120&bold=true&rounded=true
Sweden,Gabriel Gudmundsson,DEF,24,,76.0,80.0,38.0,55.0,60.0,72.0,83.0,Right,7.0,8.0,11639.0,20000000.0,https://ui-avatars.com/api/?name=Gabriel%20Gudmundsson&background=0d1f3c&color=00e5ff&size=120&bold=true&rounded=true
Sweden,Herman Johansson,DEF,3,,77.0,77.0,49.0,60.0,68.0,73.0,70.0,Right,0.0,1.0,241.0,750000.0,https://ui-avatars.com/api/?name=Herman%20Johansson&background=0d1f3c&color=00e5ff&size=120&bold=true&rounded=true
Sweden,Lucas Bergvall,MID,10,,72.0,78.0,68.0,79.0,82.0,64.0,63.0,Right,1.0,9.0,3603.0,40000000.0,https://ui-avatars.com/api/?name=Lucas%20Bergvall&background=0d1f3c&color=00e5ff&size=120&bold=true&rounded=true
Sweden,Daniel Svensson,DEF,13,,76.0,67.0,37.0,65.0,58.0,79.0,73.0,Right,9.0,18.0,12326.0,22000000.0,https://ui-avatars.com/api/?name=Daniel%20Svensson&background=0d1f3c&color=00e5ff&size=120&bold=true&rounded=true
Sweden,Alexander Isak,FWD,58,,70.0,88.0,68.0,55.0,79.0,30.0,60.0,Right,123.0,27.0,18475.0,100000000.0,https://ui-avatars.com/api/?name=Alexander%20Isak&background=0d1f3c&color=00e5ff&size=120&bold=true&rounded=true
Sweden,Benjamin Nygren,MID,11,,80.0,62.0,67.0,79.0,81.0,72.0,75.0,Right,47.0,19.0,9347.0,14000000.0,https://ui-avatars.com/api/?name=Benjamin%20Nygren&background=0d1f3c&color=00e5ff&size=120&bold=true&rounded=true
Sweden,Anthony Elanga,FWD,30,,71.0,82.0,70.0,64.0,81.0,40.0,69.0,Right,18.0,26.0,9670.0,40000000.0,https://ui-avatars.com/api/?name=Anthony%20Elanga&background=0d1f3c&color=00e5ff&size=120&bold=true&rounded=true
Sweden,Viktor Johansson,GK,12,,71.0,48.0,27.0,42.0,37.0,26.0,78.0,Right,12.0,10.0,7264.0,300000.0,https://ui-avatars.com/api/?name=Viktor%20Johansson&background=0d1f3c&color=00e5ff&size=120&bold=true&rounded=true
Sweden,Ken Sema,MID,33,,72.0,76.0,72.0,72.0,77.0,66.0,67.0,Right,3.0,5.0,4564.0,1000000.0,https://ui-avatars.com/api/?name=Ken%20Sema&background=0d1f3c&color=00e5ff&size=120&bold=true&rounded=true
Sweden,Hjalmar Ekdal,DEF,13,,76.0,61.0,37.0,50.0,53.0,80.0,74.0,Right,0.0,1.0,3506.0,6000000.0,https://ui-avatars.com/api/?name=Hjalmar%20Ekdal&background=0d1f3c&color=00e5ff&size=120&bold=true&rounded=true
Sweden,Carl Starfelt,DEF,18,,70.0,69.0,39.0,62.0,57.0,79.0,74.0,Right,8.0,3.0,17029.0,5000000.0,https://ui-avatars.com/api/?name=Carl%20Starfelt&background=0d1f3c&color=00e5ff&size=120&bold=true&rounded=true
Sweden,Jesper Karlström,MID,25,,81.0,66.0,55.0,68.0,70.0,51.0,67.0,Right,1.0,3.0,6571.0,4000000.0,https://ui-avatars.com/api/?name=Jesper%20Karlstr%C3%B6m&background=0d1f3c&color=00e5ff&size=120&bold=true&rounded=true
Sweden,Viktor Gyökeres,FWD,33,,76.0,80.0,69.0,68.0,85.0,28.0,63.0,Right,108.0,24.0,11064.0,65000000.0,https://ui-avatars.com/api/?name=Viktor%20Gy%C3%B6keres&background=0d1f3c&color=00e5ff&size=120&bold=true&rounded=true
Sweden,Yasin Ayari,MID,21,,80.0,60.0,62.0,67.0,81.0,77.0,72.0,Right,7.0,4.0,4776.0,30000000.0,https://ui-avatars.com/api/?name=Yasin%20Ayari&background=0d1f3c&color=00e5ff&size=120&bold=true&rounded=true
Sweden,Mattias Svanberg,MID,41,,71.0,70.0,73.0,70.0,83.0,51.0,67.0,Right,23.0,21.0,13149.0,9000000.0,https://ui-avatars.com/api/?name=Mattias%20Svanberg&background=0d1f3c&color=00e5ff&size=120&bold=true&rounded=true
Sweden,Eric Smith,DEF,2,,70.0,77.0,36.0,59.0,65.0,77.0,81.0,Right,4.0,3.0,5771.0,5000000.0,https://ui-avatars.com/api/?name=Eric%20Smith&background=0d1f3c&color=00e5ff&size=120&bold=true&rounded=true
Sweden,Alexander Bernhardsson,DEF,11,,71.0,56.0,47.0,64.0,51.0,78.0,72.0,Right,9.0,3.0,1444.0,3000000.0,https://ui-avatars.com/api/?name=Alexander%20Bernhardsson&background=0d1f3c&color=00e5ff&size=120&bold=true&rounded=true
Sweden,Besfort Zeneli,MID,8,,77.0,80.0,68.0,71.0,72.0,56.0,60.0,Right,3.0,7.0,1667.0,4500000.0,https://ui-avatars.com/api/?name=Besfort%20Zeneli&background=0d1f3c&color=00e5ff&size=120&bold=true&rounded=true
Sweden,Kristoffer Nordfeldt,GK,21,,70.0,48.0,33.0,52.0,34.0,20.0,69.0,Right,0.0,1.0,15761.0,175000.0,https://ui-avatars.com/api/?name=Kristoffer%20Nordfeldt&background=0d1f3c&color=00e5ff&size=120&bold=true&rounded=true
Sweden,Elliot Stroud,DEF,1,,72.0,79.0,56.0,66.0,59.0,81.0,73.0,Right,,,,,https://ui-avatars.com/api/?name=Elliot%20Stroud&background=0d1f3c&color=00e5ff&size=120&bold=true&rounded=true
Sweden,Gustaf Nilsson,FWD,10,,77.0,89.0,81.0,72.0,83.0,38.0,77.0,Right,39.0,13.0,7233.0,2000000.0,https://ui-avatars.com/api/?name=Gustaf%20Nilsson&background=0d1f3c&color=00e5ff&size=120&bold=true&rounded=true
Sweden,Taha Ali,FWD,2,,74.0,86.0,73.0,58.0,84.0,32.0,75.0,Right,5.0,2.0,1069.0,1200000.0,https://ui-avatars.com/api/?name=Taha%20Ali&background=0d1f3c&color=00e5ff&size=120&bold=true&rounded=true
Tunisia,Mouhib Chamakh,GK,3,,74.0,54.0,33.0,41.0,31.0,25.0,66.0,Right,,,,,https://ui-avatars.com/api/?name=Mouhib%20Chamakh&background=0d1f3c&color=00e5ff&size=120&bold=true&rounded=true
Tunisia,Ali Abdi,DEF,46,,78.0,63.0,46.0,66.0,64.0,80.0,84.0,Right,9.0,3.0,3493.0,2500000.0,https://ui-avatars.com/api/?name=Ali%20Abdi&background=0d1f3c&color=00e5ff&size=120&bold=true&rounded=true
Tunisia,Montassar Talbi,DEF,64,,68.0,80.0,52.0,71.0,55.0,72.0,76.0,Right,2.0,3.0,14986.0,7000000.0,https://ui-avatars.com/api/?name=Montassar%20Talbi&background=0d1f3c&color=00e5ff&size=120&bold=true&rounded=true
Tunisia,Omar Rekik,DEF,6,,75.0,72.0,42.0,58.0,55.0,76.0,81.0,Right,0.0,0.0,30.0,600000.0,https://ui-avatars.com/api/?name=Omar%20Rekik&background=0d1f3c&color=00e5ff&size=120&bold=true&rounded=true
Tunisia,Adem Arous,DEF,2,,76.0,65.0,35.0,60.0,68.0,80.0,80.0,Right,1.0,1.0,1672.0,4000000.0,https://ui-avatars.com/api/?name=Adem%20Arous&background=0d1f3c&color=00e5ff&size=120&bold=true&rounded=true
Tunisia,Dylan Bronn,DEF,52,,69.0,66.0,38.0,53.0,67.0,74.0,82.0,Right,12.0,2.0,12990.0,800000.0,https://ui-avatars.com/api/?name=Dylan%20Bronn&background=0d1f3c&color=00e5ff&size=120&bold=true&rounded=true
Tunisia,Elias Achouri,FWD,30,,70.0,88.0,73.0,70.0,79.0,36.0,76.0,Right,15.0,22.0,6803.0,3500000.0,https://ui-avatars.com/api/?name=Elias%20Achouri&background=0d1f3c&color=00e5ff&size=120&bold=true&rounded=true
Tunisia,Elias Saad,FWD,15,,72.0,88.0,77.0,55.0,83.0,34.0,72.0,Right,3.0,3.0,1056.0,,https://ui-avatars.com/api/?name=Elias%20Saad&background=0d1f3c&color=00e5ff&size=120&bold=true&rounded=true
Tunisia,Hazem Mastouri,FWD,19,,74.0,82.0,80.0,59.0,72.0,36.0,68.0,Right,4.0,3.0,1539.0,700000.0,https://ui-avatars.com/api/?name=Hazem%20Mastouri&background=0d1f3c&color=00e5ff&size=120&bold=true&rounded=true
Tunisia,Hannibal Mejbri,MID,45,,68.0,61.0,69.0,73.0,72.0,69.0,78.0,Right,2.0,5.0,1992.0,16000000.0,https://ui-avatars.com/api/?name=Hannibal%20Mejbri&background=0d1f3c&color=00e5ff&size=120&bold=true&rounded=true
Tunisia,Ismaël Gharbi,MID,17,,70.0,69.0,59.0,74.0,68.0,54.0,75.0,Right,5.0,5.0,1962.0,5000000.0,https://ui-avatars.com/api/?name=Isma%C3%ABl%20Gharbi&background=0d1f3c&color=00e5ff&size=120&bold=true&rounded=true
Tunisia,Mortadha Ben Ouanes,DEF,18,,74.0,63.0,37.0,64.0,65.0,73.0,83.0,Right,20.0,26.0,11703.0,1500000.0,https://ui-avatars.com/api/?name=Mortadha%20Ben%20Ouanes&background=0d1f3c&color=00e5ff&size=120&bold=true&rounded=true
Tunisia,Rani Khedira,MID,3,,70.0,69.0,63.0,71.0,76.0,62.0,77.0,Right,14.0,8.0,25979.0,2000000.0,https://ui-avatars.com/api/?name=Rani%20Khedira&background=0d1f3c&color=00e5ff&size=120&bold=true&rounded=true
Tunisia,Khalil Ayari,MID,4,,72.0,70.0,58.0,66.0,83.0,58.0,68.0,Right,,,,,https://ui-avatars.com/api/?name=Khalil%20Ayari&background=0d1f3c&color=00e5ff&size=120&bold=true&rounded=true
Tunisia,Hadj Mahmoud,MID,9,,73.0,68.0,76.0,65.0,71.0,62.0,72.0,Right,0.0,0.0,181.0,2500000.0,https://ui-avatars.com/api/?name=Hadj%20Mahmoud&background=0d1f3c&color=00e5ff&size=120&bold=true&rounded=true
Tunisia,Aymen Dahmen,GK,37,,69.0,48.0,27.0,47.0,36.0,21.0,66.0,Right,,,,,https://ui-avatars.com/api/?name=Aymen%20Dahmen&background=0d1f3c&color=00e5ff&size=120&bold=true&rounded=true
Tunisia,Ellyes Skhiri,MID,83,,70.0,63.0,66.0,76.0,72.0,77.0,67.0,Right,36.0,19.0,29193.0,6000000.0,https://ui-avatars.com/api/?name=Ellyes%20Skhiri&background=0d1f3c&color=00e5ff&size=120&bold=true&rounded=true
Tunisia,Rayan Elloumi,FWD,4,,73.0,72.0,71.0,65.0,74.0,37.0,74.0,Right,5.0,2.0,1047.0,40000000.0,https://ui-avatars.com/api/?name=Rayan%20Elloumi&background=0d1f3c&color=00e5ff&size=120&bold=true&rounded=true
Tunisia,Firas Chaouat,FWD,30,,73.0,81.0,72.0,66.0,76.0,34.0,71.0,Right,,,,,https://ui-avatars.com/api/?name=Firas%20Chaouat&background=0d1f3c&color=00e5ff&size=120&bold=true&rounded=true
Tunisia,Yan Valery,DEF,22,,72.0,60.0,36.0,71.0,66.0,75.0,83.0,Right,2.0,2.0,5422.0,1300000.0,https://ui-avatars.com/api/?name=Yan%20Valery&background=0d1f3c&color=00e5ff&size=120&bold=true&rounded=true
Tunisia,Mohamed Amine Ben Hamida,DEF,13,,77.0,57.0,37.0,64.0,55.0,72.0,81.0,Right,0.0,0.0,7470.0,100000.0,https://ui-avatars.com/api/?name=Mohamed%20Amine%20Ben%20Hamida&background=0d1f3c&color=00e5ff&size=120&bold=true&rounded=true
Tunisia,Sabri Ben Hessen,GK,2,,73.0,43.0,27.0,50.0,38.0,21.0,74.0,Right,0.0,1.0,25482.0,300000.0,https://ui-avatars.com/api/?name=Sabri%20Ben%20Hessen&background=0d1f3c&color=00e5ff&size=120&bold=true&rounded=true
Tunisia,Moutaz Neffati,DEF,5,,79.0,80.0,40.0,50.0,69.0,78.0,81.0,Right,,,,,https://ui-avatars.com/api/?name=Moutaz%20Neffati&background=0d1f3c&color=00e5ff&size=120&bold=true&rounded=true
Tunisia,Raed Chikhaoui,DEF,0,,68.0,62.0,46.0,71.0,59.0,82.0,84.0,Right,,,,,https://ui-avatars.com/api/?name=Raed%20Chikhaoui&background=0d1f3c&color=00e5ff&size=120&bold=true&rounded=true
Tunisia,Anis Ben Slimane,MID,41,,76.0,59.0,59.0,70.0,74.0,70.0,60.0,Right,7.0,7.0,4964.0,2500000.0,https://ui-avatars.com/api/?name=Anis%20Ben%20Slimane&background=0d1f3c&color=00e5ff&size=120&bold=true&rounded=true
Tunisia,Sebastian Tounekti,MID,12,,74.0,64.0,74.0,76.0,83.0,65.0,70.0,Right,4.0,2.0,2700.0,5000000.0,https://ui-avatars.com/api/?name=Sebastian%20Tounekti&background=0d1f3c&color=00e5ff&size=120&bold=true&rounded=true
Belgium,Thibaut Courtois,GK,109,,89.0,50.0,25.0,55.0,38.0,25.0,85.0,Right,0.0,3.0,52657.0,18000000.0,https://ui-avatars.com/api/?name=Thibaut%20Courtois&background=0d1f3c&color=00e5ff&size=120&bold=true&rounded=true
Belgium,Zeno Debast,DEF,26,,78.0,58.0,47.0,56.0,53.0,74.0,78.0,Right,1.0,7.0,10288.0,30000000.0,https://ui-avatars.com/api/?name=Zeno%20Debast&background=0d1f3c&color=00e5ff&size=120&bold=true&rounded=true
Belgium,Arthur Theate,DEF,33,,84.0,62.0,35.0,57.0,62.0,77.0,80.0,Right,13.0,2.0,18388.0,20000000.0,https://ui-avatars.com/api/?name=Arthur%20Theate&background=0d1f3c&color=00e5ff&size=120&bold=true&rounded=true
Belgium,Brandon Mechele,DEF,9,,77.0,62.0,37.0,58.0,51.0,73.0,81.0,Right,23.0,11.0,36515.0,3000000.0,https://ui-avatars.com/api/?name=Brandon%20Mechele&background=0d1f3c&color=00e5ff&size=120&bold=true&rounded=true
Belgium,Maxim De Cuyper,DEF,19,,85.0,77.0,46.0,53.0,57.0,80.0,76.0,Right,16.0,24.0,10473.0,22000000.0,https://ui-avatars.com/api/?name=Maxim%20De%20Cuyper&background=0d1f3c&color=00e5ff&size=120&bold=true&rounded=true
Belgium,Axel Witsel,MID,138,,78.0,81.0,74.0,75.0,82.0,77.0,68.0,Right,40.0,24.0,37856.0,1400000.0,https://ui-avatars.com/api/?name=Axel%20Witsel&background=0d1f3c&color=00e5ff&size=120&bold=true&rounded=true
Belgium,Kevin De Bruyne,MID,119,,90.0,72.0,86.0,93.0,88.0,58.0,72.0,Right,133.0,219.0,40237.0,10000000.0,https://ui-avatars.com/api/?name=Kevin%20De%20Bruyne&background=0d1f3c&color=00e5ff&size=120&bold=true&rounded=true
Belgium,Youri Tielemans,MID,85,,74.0,69.0,61.0,74.0,76.0,75.0,69.0,Right,64.0,69.0,37692.0,35000000.0,https://ui-avatars.com/api/?name=Youri%20Tielemans&background=0d1f3c&color=00e5ff&size=120&bold=true&rounded=true
Belgium,Romelu Lukaku,FWD,126,,83.0,82.0,85.0,68.0,78.0,35.0,88.0,Right,271.0,88.0,41460.0,12000000.0,https://ui-avatars.com/api/?name=Romelu%20Lukaku&background=0d1f3c&color=00e5ff&size=120&bold=true&rounded=true
Belgium,Leandro Trossard,FWD,51,,84.0,84.0,70.0,65.0,84.0,32.0,65.0,Right,96.0,64.0,25523.0,20000000.0,https://ui-avatars.com/api/?name=Leandro%20Trossard&background=0d1f3c&color=00e5ff&size=120&bold=true&rounded=true
Belgium,Jérémy Doku,FWD,43,,82.0,93.0,68.0,72.0,88.0,32.0,58.0,Right,36.0,50.0,14061.0,65000000.0,https://ui-avatars.com/api/?name=J%C3%A9r%C3%A9my%20Doku&background=0d1f3c&color=00e5ff&size=120&bold=true&rounded=true
Belgium,Senne Lammens,GK,2,,77.0,54.0,34.0,50.0,40.0,18.0,65.0,Right,0.0,0.0,6197.0,30000000.0,https://ui-avatars.com/api/?name=Senne%20Lammens&background=0d1f3c&color=00e5ff&size=120&bold=true&rounded=true
Belgium,Mike Penders,GK,0,,77.0,45.0,27.0,54.0,44.0,26.0,78.0,Right,0.0,0.0,4091.0,22000000.0,https://ui-avatars.com/api/?name=Mike%20Penders&background=0d1f3c&color=00e5ff&size=120&bold=true&rounded=true
Belgium,Dodi Lukébakio,FWD,30,,75.0,88.0,69.0,59.0,75.0,33.0,68.0,Right,65.0,38.0,17933.0,20000000.0,https://ui-avatars.com/api/?name=Dodi%20Luk%C3%A9bakio&background=0d1f3c&color=00e5ff&size=120&bold=true&rounded=true
Belgium,Thomas Meunier,DEF,80,,81.0,76.0,35.0,67.0,55.0,82.0,71.0,Right,31.0,43.0,28734.0,1800000.0,https://ui-avatars.com/api/?name=Thomas%20Meunier&background=0d1f3c&color=00e5ff&size=120&bold=true&rounded=true
Belgium,Koni De Winter,DEF,8,,83.0,75.0,48.0,54.0,55.0,77.0,83.0,Right,4.0,2.0,7815.0,23000000.0,https://ui-avatars.com/api/?name=Koni%20De%20Winter&background=0d1f3c&color=00e5ff&size=120&bold=true&rounded=true
Belgium,Charles De Ketelaere,FWD,30,,79.0,89.0,81.0,64.0,85.0,37.0,60.0,Right,52.0,47.0,17229.0,35000000.0,https://ui-avatars.com/api/?name=Charles%20De%20Ketelaere&background=0d1f3c&color=00e5ff&size=120&bold=true&rounded=true
Belgium,Joaquin Seys,DEF,5,,79.0,62.0,46.0,62.0,60.0,83.0,70.0,Right,6.0,6.0,5814.0,17000000.0,https://ui-avatars.com/api/?name=Joaquin%20Seys&background=0d1f3c&color=00e5ff&size=120&bold=true&rounded=true
Belgium,Diego Moreira,MID,3,,74.0,73.0,65.0,77.0,69.0,60.0,71.0,Right,6.0,15.0,5028.0,25000000.0,https://ui-avatars.com/api/?name=Diego%20Moreira&background=0d1f3c&color=00e5ff&size=120&bold=true&rounded=true
Belgium,Hans Vanaken,MID,34,,79.0,66.0,70.0,68.0,70.0,77.0,75.0,Right,125.0,100.0,41729.0,6000000.0,https://ui-avatars.com/api/?name=Hans%20Vanaken&background=0d1f3c&color=00e5ff&size=120&bold=true&rounded=true
Belgium,Timothy Castagne,DEF,63,,81.0,81.0,46.0,60.0,54.0,80.0,71.0,Right,17.0,26.0,29144.0,10000000.0,https://ui-avatars.com/api/?name=Timothy%20Castagne&background=0d1f3c&color=00e5ff&size=120&bold=true&rounded=true
Belgium,Alexis Saelemaekers,MID,24,,76.0,80.0,77.0,70.0,73.0,67.0,65.0,Right,25.0,35.0,17534.0,25000000.0,https://ui-avatars.com/api/?name=Alexis%20Saelemaekers&background=0d1f3c&color=00e5ff&size=120&bold=true&rounded=true
Belgium,Nicolas Raskin,MID,13,,77.0,69.0,73.0,66.0,68.0,60.0,70.0,Right,12.0,31.0,15930.0,12000000.0,https://ui-avatars.com/api/?name=Nicolas%20Raskin&background=0d1f3c&color=00e5ff&size=120&bold=true&rounded=true
Belgium,Amadou Onana,MID,29,,78.0,73.0,56.0,66.0,74.0,57.0,72.0,Right,12.0,3.0,11486.0,45000000.0,https://ui-avatars.com/api/?name=Amadou%20Onana&background=0d1f3c&color=00e5ff&size=120&bold=true&rounded=true
Belgium,Nathan Ngoy,DEF,4,,83.0,62.0,38.0,64.0,50.0,82.0,76.0,Right,3.0,2.0,5471.0,20000000.0,https://ui-avatars.com/api/?name=Nathan%20Ngoy&background=0d1f3c&color=00e5ff&size=120&bold=true&rounded=true
Belgium,Matias Fernandez-Pardo,FWD,2,,74.0,89.0,73.0,66.0,80.0,29.0,67.0,Right,15.0,11.0,4984.0,30000000.0,https://ui-avatars.com/api/?name=Matias%20Fernandez-Pardo&background=0d1f3c&color=00e5ff&size=120&bold=true&rounded=true
Egypt,Mohamed El Shenawy,GK,76,,73.0,44.0,31.0,49.0,44.0,22.0,72.0,Right,2.0,0.0,1827.0,500000.0,https://ui-avatars.com/api/?name=Mohamed%20El%20Shenawy&background=0d1f3c&color=00e5ff&size=120&bold=true&rounded=true
Egypt,Yasser Ibrahim,DEF,17,,79.0,62.0,36.0,57.0,65.0,82.0,75.0,Right,5.0,2.0,5537.0,200000.0,https://ui-avatars.com/api/?name=Yasser%20Ibrahim&background=0d1f3c&color=00e5ff&size=120&bold=true&rounded=true
Egypt,Mohamed Hany,DEF,42,,74.0,81.0,37.0,61.0,62.0,84.0,79.0,Right,8.0,9.0,14838.0,150000.0,https://ui-avatars.com/api/?name=Mohamed%20Hany&background=0d1f3c&color=00e5ff&size=120&bold=true&rounded=true
Egypt,Hossam Abdelmaguid,DEF,13,,73.0,63.0,56.0,51.0,68.0,72.0,78.0,Right,0.0,4.0,2315.0,250000.0,https://ui-avatars.com/api/?name=Hossam%20Abdelmaguid&background=0d1f3c&color=00e5ff&size=120&bold=true&rounded=true
Egypt,Ramy Rabia,DEF,44,,76.0,71.0,37.0,69.0,69.0,76.0,83.0,Right,0.0,0.0,181.0,700000.0,https://ui-avatars.com/api/?name=Ramy%20Rabia&background=0d1f3c&color=00e5ff&size=120&bold=true&rounded=true
Egypt,Mohamed Abdelmonem,DEF,36,,72.0,57.0,51.0,56.0,63.0,72.0,71.0,Right,0.0,0.0,1215.0,3000000.0,https://ui-avatars.com/api/?name=Mohamed%20Abdelmonem&background=0d1f3c&color=00e5ff&size=120&bold=true&rounded=true
Egypt,Trézéguet,FWD,96,,73.0,89.0,71.0,55.0,73.0,25.0,70.0,Right,,,,,https://ui-avatars.com/api/?name=Tr%C3%A9z%C3%A9guet&background=0d1f3c&color=00e5ff&size=120&bold=true&rounded=true
Egypt,Emam Ashour,MID,29,,73.0,77.0,77.0,74.0,78.0,60.0,68.0,Right,2.0,0.0,367.0,2000000.0,https://ui-avatars.com/api/?name=Emam%20Ashour&background=0d1f3c&color=00e5ff&size=120&bold=true&rounded=true
Egypt,Hamza Abdelkarim,FWD,2,,78.0,76.0,77.0,55.0,72.0,26.0,70.0,Right,1.0,1.0,888.0,400000.0,https://ui-avatars.com/api/?name=Hamza%20Abdelkarim&background=0d1f3c&color=00e5ff&size=120&bold=true&rounded=true
Egypt,Mohamed Salah,FWD,116,,89.0,90.0,87.0,82.0,88.0,45.0,72.0,Right,308.0,154.0,45665.0,30000000.0,https://ui-avatars.com/api/?name=Mohamed%20Salah&background=0d1f3c&color=00e5ff&size=120&bold=true&rounded=true
Egypt,Mostafa Ziko,MID,2,,78.0,61.0,59.0,75.0,75.0,68.0,62.0,Right,15.0,2.0,2268.0,300000.0,https://ui-avatars.com/api/?name=Mostafa%20Ziko&background=0d1f3c&color=00e5ff&size=120&bold=true&rounded=true
Egypt,Haissem Hassan,FWD,4,,81.0,84.0,79.0,61.0,78.0,31.0,65.0,Right,0.0,3.0,2029.0,4000000.0,https://ui-avatars.com/api/?name=Haissem%20Hassan&background=0d1f3c&color=00e5ff&size=120&bold=true&rounded=true
Egypt,Ahmed Fatouh,DEF,39,,74.0,75.0,48.0,53.0,59.0,75.0,84.0,Right,1.0,1.0,393.0,200000.0,https://ui-avatars.com/api/?name=Ahmed%20Fatouh&background=0d1f3c&color=00e5ff&size=120&bold=true&rounded=true
Egypt,Hamdy Fathy,MID,63,,71.0,77.0,67.0,72.0,76.0,65.0,78.0,Right,,,,,https://ui-avatars.com/api/?name=Hamdy%20Fathy&background=0d1f3c&color=00e5ff&size=120&bold=true&rounded=true
Egypt,Karim Hafez,DEF,9,,76.0,68.0,48.0,53.0,64.0,74.0,74.0,Right,1.0,15.0,8941.0,600000.0,https://ui-avatars.com/api/?name=Karim%20Hafez&background=0d1f3c&color=00e5ff&size=120&bold=true&rounded=true
Egypt,El Mahdy Soliman,GK,0,,70.0,42.0,34.0,47.0,44.0,21.0,66.0,Right,,,,,https://ui-avatars.com/api/?name=El%20Mahdy%20Soliman&background=0d1f3c&color=00e5ff&size=120&bold=true&rounded=true
Egypt,Mohanad Lasheen,MID,23,,77.0,81.0,64.0,68.0,70.0,51.0,76.0,Right,,,,,https://ui-avatars.com/api/?name=Mohanad%20Lasheen&background=0d1f3c&color=00e5ff&size=120&bold=true&rounded=true
Egypt,Nabil Emad,MID,12,,76.0,78.0,74.0,77.0,72.0,70.0,68.0,Right,,,,,https://ui-avatars.com/api/?name=Nabil%20Emad&background=0d1f3c&color=00e5ff&size=120&bold=true&rounded=true
Egypt,Marwan Attia,MID,34,,78.0,79.0,60.0,69.0,76.0,59.0,67.0,Right,,,,,https://ui-avatars.com/api/?name=Marwan%20Attia&background=0d1f3c&color=00e5ff&size=120&bold=true&rounded=true
Egypt,Ibrahim Adel,FWD,24,,76.0,78.0,73.0,74.0,74.0,39.0,61.0,Right,0.0,0.0,27.0,3200000.0,https://ui-avatars.com/api/?name=Ibrahim%20Adel&background=0d1f3c&color=00e5ff&size=120&bold=true&rounded=true
Egypt,Mahmoud Saber,MID,15,,81.0,69.0,60.0,68.0,82.0,58.0,64.0,Right,0.0,0.0,181.0,2500000.0,https://ui-avatars.com/api/?name=Mahmoud%20Saber&background=0d1f3c&color=00e5ff&size=120&bold=true&rounded=true
Egypt,Omar Marmoush,FWD,50,,82.0,88.0,78.0,72.0,82.0,35.0,68.0,Right,60.0,32.0,11710.0,60000000.0,https://ui-avatars.com/api/?name=Omar%20Marmoush&background=0d1f3c&color=00e5ff&size=120&bold=true&rounded=true
Egypt,Mostafa Shobeir,GK,9,,76.0,49.0,21.0,44.0,38.0,20.0,78.0,Right,15.0,2.0,2268.0,300000.0,https://ui-avatars.com/api/?name=Mostafa%20Shobeir&background=0d1f3c&color=00e5ff&size=120&bold=true&rounded=true
Egypt,Tarek Alaa,DEF,3,,78.0,70.0,49.0,71.0,53.0,78.0,77.0,Right,0.0,0.0,1440.0,400000.0,https://ui-avatars.com/api/?name=Tarek%20Alaa&background=0d1f3c&color=00e5ff&size=120&bold=true&rounded=true
Egypt,Zizo,FWD,63,,75.0,79.0,68.0,70.0,82.0,34.0,67.0,Right,5.0,2.0,4325.0,5000000.0,https://ui-avatars.com/api/?name=Zizo&background=0d1f3c&color=00e5ff&size=120&bold=true&rounded=true
Egypt,Mohamed Alaa,GK,0,,71.0,54.0,33.0,48.0,30.0,27.0,70.0,Right,8.0,9.0,14838.0,150000.0,https://ui-avatars.com/api/?name=Mohamed%20Alaa&background=0d1f3c&color=00e5ff&size=120&bold=true&rounded=true
Iran,Alireza Beiranvand,GK,86,,78.0,40.0,23.0,55.0,33.0,26.0,75.0,Right,0.0,0.0,1777.0,1200000.0,https://ui-avatars.com/api/?name=Alireza%20Beiranvand&background=0d1f3c&color=00e5ff&size=120&bold=true&rounded=true
Iran,Saleh Hardani,DEF,18,,74.0,59.0,40.0,66.0,50.0,80.0,72.0,Right,,,,,https://ui-avatars.com/api/?name=Saleh%20Hardani&background=0d1f3c&color=00e5ff&size=120&bold=true&rounded=true
Iran,Ehsan Hajsafi,DEF,146,,73.0,71.0,43.0,51.0,57.0,78.0,80.0,Right,6.0,10.0,8677.0,275000.0,https://ui-avatars.com/api/?name=Ehsan%20Hajsafi&background=0d1f3c&color=00e5ff&size=120&bold=true&rounded=true
Iran,Shojae Khalilzadeh,DEF,58,,75.0,55.0,49.0,56.0,66.0,73.0,80.0,Right,,,,,https://ui-avatars.com/api/?name=Shojae%20Khalilzadeh&background=0d1f3c&color=00e5ff&size=120&bold=true&rounded=true
Iran,Milad Mohammadi,DEF,76,,78.0,63.0,47.0,55.0,55.0,75.0,73.0,Right,6.0,16.0,15865.0,1300000.0,https://ui-avatars.com/api/?name=Milad%20Mohammadi&background=0d1f3c&color=00e5ff&size=120&bold=true&rounded=true
Iran,Saeid Ezatolahi,MID,83,,74.0,60.0,71.0,81.0,79.0,65.0,74.0,Right,6.0,3.0,4936.0,900000.0,https://ui-avatars.com/api/?name=Saeid%20Ezatolahi&background=0d1f3c&color=00e5ff&size=120&bold=true&rounded=true
Iran,Alireza Jahanbakhsh,MID,98,,76.0,58.0,71.0,67.0,77.0,64.0,63.0,Right,63.0,55.0,19189.0,600000.0,https://ui-avatars.com/api/?name=Alireza%20Jahanbakhsh&background=0d1f3c&color=00e5ff&size=120&bold=true&rounded=true
Iran,Mohammad Mohebi,MID,36,,73.0,75.0,71.0,75.0,71.0,52.0,67.0,Right,18.0,11.0,5450.0,2800000.0,https://ui-avatars.com/api/?name=Mohammad%20Mohebi&background=0d1f3c&color=00e5ff&size=120&bold=true&rounded=true
Iran,Mehdi Taremi,FWD,105,,82.0,72.0,82.0,72.0,78.0,42.0,78.0,Right,118.0,70.0,17682.0,2500000.0,https://ui-avatars.com/api/?name=Mehdi%20Taremi&background=0d1f3c&color=00e5ff&size=120&bold=true&rounded=true
Iran,Mehdi Ghayedi,FWD,30,,79.0,72.0,81.0,56.0,84.0,28.0,76.0,Right,27.0,42.0,15478.0,250000.0,https://ui-avatars.com/api/?name=Mehdi%20Ghayedi&background=0d1f3c&color=00e5ff&size=120&bold=true&rounded=true
Iran,Ali Alipour,FWD,14,,75.0,72.0,68.0,62.0,74.0,25.0,62.0,Right,14.0,5.0,4581.0,1700000.0,https://ui-avatars.com/api/?name=Ali%20Alipour&background=0d1f3c&color=00e5ff&size=120&bold=true&rounded=true
Iran,Payam Niazmand,GK,15,,75.0,47.0,32.0,55.0,43.0,20.0,67.0,Right,0.0,0.0,180.0,750000.0,https://ui-avatars.com/api/?name=Payam%20Niazmand&background=0d1f3c&color=00e5ff&size=120&bold=true&rounded=true
Iran,Hossein Kanaanizadegan,DEF,65,,81.0,70.0,45.0,59.0,69.0,75.0,81.0,Right,,,,,https://ui-avatars.com/api/?name=Hossein%20Kanaanizadegan&background=0d1f3c&color=00e5ff&size=120&bold=true&rounded=true
Iran,Saman Ghoddos,MID,68,,76.0,59.0,76.0,69.0,75.0,56.0,73.0,Right,7.0,6.0,3662.0,2000000.0,https://ui-avatars.com/api/?name=Saman%20Ghoddos&background=0d1f3c&color=00e5ff&size=120&bold=true&rounded=true
Iran,Rouzbeh Cheshmi,MID,40,,77.0,80.0,57.0,80.0,74.0,68.0,78.0,Right,,,,,https://ui-avatars.com/api/?name=Rouzbeh%20Cheshmi&background=0d1f3c&color=00e5ff&size=120&bold=true&rounded=true
Iran,Mehdi Torabi,MID,52,,71.0,77.0,70.0,72.0,79.0,50.0,76.0,Right,27.0,42.0,15478.0,250000.0,https://ui-avatars.com/api/?name=Mehdi%20Torabi&background=0d1f3c&color=00e5ff&size=120&bold=true&rounded=true
Iran,Aria Yousefi,DEF,14,,81.0,75.0,45.0,54.0,61.0,72.0,75.0,Right,67.0,48.0,15428.0,400000.0,https://ui-avatars.com/api/?name=Aria%20Yousefi&background=0d1f3c&color=00e5ff&size=120&bold=true&rounded=true
Iran,Amirhossein Hosseinzadeh,FWD,18,,70.0,76.0,76.0,68.0,76.0,25.0,75.0,Right,2.0,2.0,1100.0,2200000.0,https://ui-avatars.com/api/?name=Amirhossein%20Hosseinzadeh&background=0d1f3c&color=00e5ff&size=120&bold=true&rounded=true
Iran,Ali Nemati,DEF,17,,78.0,73.0,56.0,54.0,51.0,78.0,73.0,Right,1.0,3.0,8729.0,100000.0,https://ui-avatars.com/api/?name=Ali%20Nemati&background=0d1f3c&color=00e5ff&size=120&bold=true&rounded=true
Iran,Shahriyar Moghanlou,FWD,21,,70.0,84.0,71.0,61.0,78.0,38.0,76.0,Right,0.0,0.0,413.0,900000.0,https://ui-avatars.com/api/?name=Shahriyar%20Moghanlou&background=0d1f3c&color=00e5ff&size=120&bold=true&rounded=true
Iran,Mohammad Ghorbani,MID,16,,75.0,81.0,74.0,74.0,76.0,74.0,67.0,Right,4.0,1.0,2161.0,800000.0,https://ui-avatars.com/api/?name=Mohammad%20Ghorbani&background=0d1f3c&color=00e5ff&size=120&bold=true&rounded=true
Iran,Hossein Hosseini,GK,13,,79.0,53.0,32.0,49.0,30.0,19.0,70.0,Right,2.0,2.0,1100.0,2200000.0,https://ui-avatars.com/api/?name=Hossein%20Hosseini&background=0d1f3c&color=00e5ff&size=120&bold=true&rounded=true
Iran,Ramin Rezaeian,DEF,74,,79.0,59.0,43.0,54.0,67.0,81.0,73.0,Right,1.0,0.0,894.0,250000.0,https://ui-avatars.com/api/?name=Ramin%20Rezaeian&background=0d1f3c&color=00e5ff&size=120&bold=true&rounded=true
Iran,Dennis Eckert,FWD,0,,78.0,88.0,78.0,71.0,83.0,31.0,60.0,Right,23.0,7.0,6112.0,2000000.0,https://ui-avatars.com/api/?name=Dennis%20Eckert&background=0d1f3c&color=00e5ff&size=120&bold=true&rounded=true
Iran,Danial Eiri,DEF,0,,79.0,56.0,37.0,65.0,51.0,83.0,77.0,Right,0.0,0.0,8862.0,50000.0,https://ui-avatars.com/api/?name=Danial%20Eiri&background=0d1f3c&color=00e5ff&size=120&bold=true&rounded=true
Iran,Amirmohammad Razzaghinia,MID,4,,79.0,63.0,76.0,75.0,74.0,56.0,74.0,Right,0.0,0.0,36.0,200000.0,https://ui-avatars.com/api/?name=Amirmohammad%20Razzaghinia&background=0d1f3c&color=00e5ff&size=120&bold=true&rounded=true
New Zealand,Max Crocombe,GK,24,,73.0,43.0,30.0,48.0,35.0,21.0,76.0,Right,0.0,0.0,180.0,1000000.0,https://ui-avatars.com/api/?name=Max%20Crocombe&background=0d1f3c&color=00e5ff&size=120&bold=true&rounded=true
New Zealand,Tim Payne,DEF,51,,70.0,74.0,37.0,64.0,51.0,76.0,71.0,Right,0.0,0.0,81.0,150000.0,https://ui-avatars.com/api/?name=Tim%20Payne&background=0d1f3c&color=00e5ff&size=120&bold=true&rounded=true
New Zealand,Francis de Vries,DEF,20,,73.0,57.0,40.0,64.0,59.0,80.0,70.0,Right,0.0,0.0,144.0,350000.0,https://ui-avatars.com/api/?name=Francis%20de%20Vries&background=0d1f3c&color=00e5ff&size=120&bold=true&rounded=true
New Zealand,Tyler Bindon,DEF,25,,73.0,63.0,38.0,51.0,53.0,72.0,72.0,Right,1.0,0.0,273.0,1500000.0,https://ui-avatars.com/api/?name=Tyler%20Bindon&background=0d1f3c&color=00e5ff&size=120&bold=true&rounded=true
New Zealand,Michael Boxall,DEF,63,,77.0,79.0,44.0,70.0,64.0,82.0,75.0,Right,0.0,0.0,282.0,75000.0,https://ui-avatars.com/api/?name=Michael%20Boxall&background=0d1f3c&color=00e5ff&size=120&bold=true&rounded=true
New Zealand,Joe Bell,MID,32,,70.0,73.0,75.0,68.0,69.0,74.0,72.0,Right,0.0,4.0,1909.0,3000000.0,https://ui-avatars.com/api/?name=Joe%20Bell&background=0d1f3c&color=00e5ff&size=120&bold=true&rounded=true
New Zealand,Matthew Garbett,MID,37,,79.0,58.0,71.0,77.0,71.0,56.0,76.0,Right,1.0,0.0,660.0,450000.0,https://ui-avatars.com/api/?name=Matthew%20Garbett&background=0d1f3c&color=00e5ff&size=120&bold=true&rounded=true
New Zealand,Marko Stamenić,MID,39,,76.0,61.0,73.0,65.0,77.0,53.0,68.0,Right,0.0,1.0,1002.0,3000000.0,https://ui-avatars.com/api/?name=Marko%20Stameni%C4%87&background=0d1f3c&color=00e5ff&size=120&bold=true&rounded=true
New Zealand,Chris Wood,FWD,90,,77.0,77.0,83.0,60.0,72.0,34.0,75.0,Right,98.0,12.0,20100.0,6000000.0,https://ui-avatars.com/api/?name=Chris%20Wood&background=0d1f3c&color=00e5ff&size=120&bold=true&rounded=true
New Zealand,Sarpreet Singh,MID,28,,78.0,79.0,72.0,67.0,71.0,76.0,74.0,Right,0.0,0.0,72.0,500000.0,https://ui-avatars.com/api/?name=Sarpreet%20Singh&background=0d1f3c&color=00e5ff&size=120&bold=true&rounded=true
New Zealand,Elijah Just,MID,44,,71.0,66.0,73.0,81.0,78.0,74.0,68.0,Right,7.0,10.0,3198.0,2500000.0,https://ui-avatars.com/api/?name=Elijah%20Just&background=0d1f3c&color=00e5ff&size=120&bold=true&rounded=true
New Zealand,Alex Paulsen,GK,8,,77.0,41.0,23.0,52.0,37.0,24.0,65.0,Right,0.0,1.0,1371.0,500000.0,https://ui-avatars.com/api/?name=Alex%20Paulsen&background=0d1f3c&color=00e5ff&size=120&bold=true&rounded=true
New Zealand,Liberato Cacace,DEF,37,,72.0,77.0,49.0,69.0,64.0,72.0,78.0,Right,3.0,8.0,9706.0,3000000.0,https://ui-avatars.com/api/?name=Liberato%20Cacace&background=0d1f3c&color=00e5ff&size=120&bold=true&rounded=true
New Zealand,Alex Rufer,MID,26,,72.0,68.0,70.0,66.0,75.0,60.0,77.0,Right,0.0,1.0,1371.0,500000.0,https://ui-avatars.com/api/?name=Alex%20Rufer&background=0d1f3c&color=00e5ff&size=120&bold=true&rounded=true
New Zealand,Nando Pijnaker,DEF,25,,70.0,80.0,35.0,60.0,65.0,73.0,83.0,Right,,,,,https://ui-avatars.com/api/?name=Nando%20Pijnaker&background=0d1f3c&color=00e5ff&size=120&bold=true&rounded=true
New Zealand,Finn Surman,DEF,19,,74.0,64.0,52.0,55.0,68.0,75.0,80.0,Right,,,,,https://ui-avatars.com/api/?name=Finn%20Surman&background=0d1f3c&color=00e5ff&size=120&bold=true&rounded=true
New Zealand,Kosta Barbarouses,FWD,76,,75.0,85.0,70.0,64.0,77.0,25.0,71.0,Right,0.0,0.0,674.0,325000.0,https://ui-avatars.com/api/?name=Kosta%20Barbarouses&background=0d1f3c&color=00e5ff&size=120&bold=true&rounded=true
New Zealand,Ben Waine,FWD,31,,75.0,85.0,77.0,71.0,80.0,30.0,68.0,Right,3.0,0.0,514.0,400000.0,https://ui-avatars.com/api/?name=Ben%20Waine&background=0d1f3c&color=00e5ff&size=120&bold=true&rounded=true
New Zealand,Ben Old,MID,24,,76.0,64.0,71.0,65.0,73.0,54.0,68.0,Right,0.0,0.0,523.0,1200000.0,https://ui-avatars.com/api/?name=Ben%20Old&background=0d1f3c&color=00e5ff&size=120&bold=true&rounded=true
New Zealand,Callum McCowatt,MID,32,,69.0,81.0,75.0,66.0,80.0,75.0,70.0,Right,19.0,3.0,4159.0,2000000.0,https://ui-avatars.com/api/?name=Callum%20McCowatt&background=0d1f3c&color=00e5ff&size=120&bold=true&rounded=true
New Zealand,Jesse Randall,FWD,11,,78.0,77.0,77.0,62.0,75.0,35.0,62.0,Right,,,,,https://ui-avatars.com/api/?name=Jesse%20Randall&background=0d1f3c&color=00e5ff&size=120&bold=true&rounded=true
New Zealand,Michael Woud,GK,6,,69.0,41.0,34.0,50.0,39.0,26.0,77.0,Right,0.0,0.0,450.0,300000.0,https://ui-avatars.com/api/?name=Michael%20Woud&background=0d1f3c&color=00e5ff&size=120&bold=true&rounded=true
New Zealand,Ryan Thomas,MID,25,,71.0,79.0,61.0,75.0,73.0,73.0,63.0,Right,17.0,32.0,16559.0,700000.0,https://ui-avatars.com/api/?name=Ryan%20Thomas&background=0d1f3c&color=00e5ff&size=120&bold=true&rounded=true
New Zealand,Callan Elliot,DEF,11,,79.0,69.0,35.0,52.0,63.0,77.0,71.0,Right,,,,,https://ui-avatars.com/api/?name=Callan%20Elliot&background=0d1f3c&color=00e5ff&size=120&bold=true&rounded=true
New Zealand,Lachlan Bayliss,MID,4,,76.0,58.0,60.0,70.0,72.0,65.0,64.0,Right,,,,,https://ui-avatars.com/api/?name=Lachlan%20Bayliss&background=0d1f3c&color=00e5ff&size=120&bold=true&rounded=true
New Zealand,Tommy Smith,DEF,56,,68.0,64.0,55.0,67.0,56.0,74.0,82.0,Right,0.0,0.0,11.0,250000.0,https://ui-avatars.com/api/?name=Tommy%20Smith&background=0d1f3c&color=00e5ff&size=120&bold=true&rounded=true
Cape Verde,Vozinha,GK,90,,71.0,42.0,22.0,43.0,34.0,18.0,68.0,Right,,,,,https://ui-avatars.com/api/?name=Vozinha&background=0d1f3c&color=00e5ff&size=120&bold=true&rounded=true
Cape Verde,Stopira,DEF,61,,79.0,81.0,44.0,70.0,69.0,79.0,78.0,Right,,,,,https://ui-avatars.com/api/?name=Stopira&background=0d1f3c&color=00e5ff&size=120&bold=true&rounded=true
Cape Verde,Diney,DEF,32,,74.0,68.0,57.0,54.0,53.0,81.0,70.0,Right,0.0,0.0,1025.0,1000000.0,https://ui-avatars.com/api/?name=Diney&background=0d1f3c&color=00e5ff&size=120&bold=true&rounded=true
Cape Verde,Roberto Lopes,DEF,45,,77.0,80.0,41.0,65.0,50.0,72.0,74.0,Right,0.0,0.0,20639.0,500000.0,https://ui-avatars.com/api/?name=Roberto%20Lopes&background=0d1f3c&color=00e5ff&size=120&bold=true&rounded=true
Cape Verde,Logan Costa,DEF,28,,76.0,60.0,53.0,62.0,52.0,78.0,75.0,Right,3.0,2.0,6513.0,18000000.0,https://ui-avatars.com/api/?name=Logan%20Costa&background=0d1f3c&color=00e5ff&size=120&bold=true&rounded=true
Cape Verde,Kevin Pina,MID,31,,76.0,79.0,59.0,74.0,74.0,66.0,71.0,Right,20.0,14.0,5504.0,30000000.0,https://ui-avatars.com/api/?name=Kevin%20Pina&background=0d1f3c&color=00e5ff&size=120&bold=true&rounded=true
Cape Verde,Jovane Cabral,MID,29,,74.0,73.0,57.0,73.0,80.0,64.0,64.0,Right,31.0,17.0,7585.0,800000.0,https://ui-avatars.com/api/?name=Jovane%20Cabral&background=0d1f3c&color=00e5ff&size=120&bold=true&rounded=true
Cape Verde,João Paulo,MID,41,,74.0,70.0,68.0,79.0,83.0,72.0,72.0,Right,1.0,0.0,267.0,50000.0,https://ui-avatars.com/api/?name=Jo%C3%A3o%20Paulo&background=0d1f3c&color=00e5ff&size=120&bold=true&rounded=true
Cape Verde,Gilson Benchimol,FWD,21,,68.0,79.0,72.0,56.0,76.0,30.0,69.0,Right,1.0,0.0,1335.0,500000.0,https://ui-avatars.com/api/?name=Gilson%20Benchimol&background=0d1f3c&color=00e5ff&size=120&bold=true&rounded=true
Cape Verde,Jamiro Monteiro,MID,55,,69.0,79.0,76.0,65.0,81.0,66.0,70.0,Right,13.0,11.0,8772.0,750000.0,https://ui-avatars.com/api/?name=Jamiro%20Monteiro&background=0d1f3c&color=00e5ff&size=120&bold=true&rounded=true
Cape Verde,Garry Rodrigues,MID,61,,77.0,76.0,68.0,74.0,82.0,77.0,78.0,Right,45.0,46.0,16859.0,325000.0,https://ui-avatars.com/api/?name=Garry%20Rodrigues&background=0d1f3c&color=00e5ff&size=120&bold=true&rounded=true
Cape Verde,Márcio Rosa,GK,11,,71.0,41.0,28.0,49.0,41.0,24.0,71.0,Right,0.0,1.0,44.0,300000.0,https://ui-avatars.com/api/?name=M%C3%A1rcio%20Rosa&background=0d1f3c&color=00e5ff&size=120&bold=true&rounded=true
Cape Verde,Sidny Lopes Cabral,DEF,11,,73.0,73.0,56.0,64.0,57.0,82.0,82.0,Right,6.0,6.0,1717.0,5000000.0,https://ui-avatars.com/api/?name=Sidny%20Lopes%20Cabral&background=0d1f3c&color=00e5ff&size=120&bold=true&rounded=true
Cape Verde,Deroy Duarte,MID,33,,76.0,72.0,55.0,65.0,70.0,52.0,69.0,Right,11.0,9.0,10651.0,1000000.0,https://ui-avatars.com/api/?name=Deroy%20Duarte&background=0d1f3c&color=00e5ff&size=120&bold=true&rounded=true
Cape Verde,Laros Duarte,MID,20,,75.0,72.0,64.0,65.0,80.0,67.0,61.0,Right,5.0,6.0,6483.0,1000000.0,https://ui-avatars.com/api/?name=Laros%20Duarte&background=0d1f3c&color=00e5ff&size=120&bold=true&rounded=true
Cape Verde,Yannick Semedo,MID,11,,70.0,70.0,76.0,65.0,69.0,65.0,74.0,Right,3.0,0.0,7063.0,50000.0,https://ui-avatars.com/api/?name=Yannick%20Semedo&background=0d1f3c&color=00e5ff&size=120&bold=true&rounded=true
Cape Verde,Willy Semedo,MID,38,,68.0,78.0,61.0,81.0,74.0,62.0,64.0,Right,3.0,0.0,7063.0,50000.0,https://ui-avatars.com/api/?name=Willy%20Semedo&background=0d1f3c&color=00e5ff&size=120&bold=true&rounded=true
Cape Verde,Telmo Arcanjo,MID,16,,77.0,74.0,57.0,71.0,77.0,66.0,66.0,Right,7.0,2.0,3278.0,3000000.0,https://ui-avatars.com/api/?name=Telmo%20Arcanjo&background=0d1f3c&color=00e5ff&size=120&bold=true&rounded=true
Cape Verde,Dailon Livramento,FWD,22,,72.0,72.0,68.0,71.0,82.0,27.0,72.0,Right,1.0,3.0,1934.0,800000.0,https://ui-avatars.com/api/?name=Dailon%20Livramento&background=0d1f3c&color=00e5ff&size=120&bold=true&rounded=true
Cape Verde,Ryan Mendes,FWD,98,,72.0,82.0,83.0,70.0,80.0,33.0,58.0,Right,18.0,16.0,6809.0,700000.0,https://ui-avatars.com/api/?name=Ryan%20Mendes&background=0d1f3c&color=00e5ff&size=120&bold=true&rounded=true
Cape Verde,Nuno da Costa,MID,9,,76.0,79.0,70.0,73.0,70.0,61.0,78.0,Right,56.0,26.0,14771.0,400000.0,https://ui-avatars.com/api/?name=Nuno%20da%20Costa&background=0d1f3c&color=00e5ff&size=120&bold=true&rounded=true
Cape Verde,Steven Moreira,DEF,20,,73.0,63.0,41.0,63.0,68.0,74.0,71.0,Right,0.0,5.0,8231.0,1500000.0,https://ui-avatars.com/api/?name=Steven%20Moreira&background=0d1f3c&color=00e5ff&size=120&bold=true&rounded=true
Cape Verde,CJ dos Santos,GK,1,,76.0,52.0,34.0,42.0,40.0,22.0,78.0,Right,1.0,0.0,609.0,200000.0,https://ui-avatars.com/api/?name=CJ%20dos%20Santos&background=0d1f3c&color=00e5ff&size=120&bold=true&rounded=true
Cape Verde,Wagner Pina,DEF,14,,76.0,62.0,52.0,68.0,65.0,73.0,77.0,Right,2.0,12.0,6238.0,11000000.0,https://ui-avatars.com/api/?name=Wagner%20Pina&background=0d1f3c&color=00e5ff&size=120&bold=true&rounded=true
Cape Verde,Kelvin Pires,DEF,6,,73.0,60.0,46.0,64.0,57.0,75.0,84.0,Right,9.0,3.0,1241.0,50000.0,https://ui-avatars.com/api/?name=Kelvin%20Pires&background=0d1f3c&color=00e5ff&size=120&bold=true&rounded=true
Cape Verde,Hélio Varela,MID,21,,79.0,77.0,71.0,77.0,69.0,51.0,72.0,Right,6.0,4.0,2928.0,1200000.0,https://ui-avatars.com/api/?name=H%C3%A9lio%20Varela&background=0d1f3c&color=00e5ff&size=120&bold=true&rounded=true
Saudi Arabia,Nawaf Al-Aqidi,GK,24,,73.0,54.0,23.0,49.0,42.0,20.0,67.0,Right,,,,,https://ui-avatars.com/api/?name=Nawaf%20Al-Aqidi&background=0d1f3c&color=00e5ff&size=120&bold=true&rounded=true
Saudi Arabia,Ali Majrashi,DEF,21,,70.0,76.0,48.0,57.0,53.0,82.0,81.0,Right,8.0,34.0,24689.0,75000.0,https://ui-avatars.com/api/?name=Ali%20Majrashi&background=0d1f3c&color=00e5ff&size=120&bold=true&rounded=true
Saudi Arabia,Ali Lajami,DEF,24,,71.0,65.0,45.0,60.0,51.0,72.0,78.0,Right,0.0,0.0,52.0,800000.0,https://ui-avatars.com/api/?name=Ali%20Lajami&background=0d1f3c&color=00e5ff&size=120&bold=true&rounded=true
Saudi Arabia,Abdulelah Al-Amri,DEF,44,,79.0,56.0,49.0,65.0,53.0,79.0,78.0,Right,,,,,https://ui-avatars.com/api/?name=Abdulelah%20Al-Amri&background=0d1f3c&color=00e5ff&size=120&bold=true&rounded=true
Saudi Arabia,Hassan Al-Tambakti,DEF,54,,77.0,80.0,39.0,65.0,62.0,78.0,79.0,Right,0.0,0.0,255.0,1800000.0,https://ui-avatars.com/api/?name=Hassan%20Al-Tambakti&background=0d1f3c&color=00e5ff&size=120&bold=true&rounded=true
Saudi Arabia,Nasser Al-Dawsari,MID,47,,71.0,74.0,57.0,69.0,70.0,61.0,66.0,Right,0.0,1.0,444.0,800000.0,https://ui-avatars.com/api/?name=Nasser%20Al-Dawsari&background=0d1f3c&color=00e5ff&size=120&bold=true&rounded=true
Saudi Arabia,Musab Al-Juwayr,MID,37,,79.0,66.0,60.0,81.0,83.0,72.0,62.0,Right,0.0,0.0,27.0,4500000.0,https://ui-avatars.com/api/?name=Musab%20Al-Juwayr&background=0d1f3c&color=00e5ff&size=120&bold=true&rounded=true
Saudi Arabia,Ayman Yahya,FWD,26,,72.0,75.0,77.0,59.0,76.0,34.0,69.0,Right,0.0,0.0,386.0,250000.0,https://ui-avatars.com/api/?name=Ayman%20Yahya&background=0d1f3c&color=00e5ff&size=120&bold=true&rounded=true
Saudi Arabia,Firas Al-Buraikan,FWD,72,,77.0,84.0,78.0,70.0,79.0,32.0,65.0,Right,1.0,0.0,1457.0,50000.0,https://ui-avatars.com/api/?name=Firas%20Al-Buraikan&background=0d1f3c&color=00e5ff&size=120&bold=true&rounded=true
Saudi Arabia,Salem Al-Dawsari,FWD,111,,78.0,73.0,81.0,66.0,81.0,36.0,68.0,Right,1.0,0.0,289.0,1300000.0,https://ui-avatars.com/api/?name=Salem%20Al-Dawsari&background=0d1f3c&color=00e5ff&size=120&bold=true&rounded=true
Saudi Arabia,Saleh Al-Shehri,FWD,59,,68.0,73.0,69.0,66.0,74.0,41.0,63.0,Right,2.0,0.0,426.0,550000.0,https://ui-avatars.com/api/?name=Saleh%20Al-Shehri&background=0d1f3c&color=00e5ff&size=120&bold=true&rounded=true
Saudi Arabia,Saud Abdulhamid,DEF,55,,76.0,69.0,37.0,55.0,52.0,84.0,70.0,Right,3.0,6.0,1725.0,5000000.0,https://ui-avatars.com/api/?name=Saud%20Abdulhamid&background=0d1f3c&color=00e5ff&size=120&bold=true&rounded=true
Saudi Arabia,Nawaf Boushal,DEF,27,,79.0,75.0,48.0,62.0,53.0,78.0,75.0,Right,,,,,https://ui-avatars.com/api/?name=Nawaf%20Boushal&background=0d1f3c&color=00e5ff&size=120&bold=true&rounded=true
Saudi Arabia,Hassan Kadesh,DEF,21,,77.0,61.0,55.0,64.0,64.0,75.0,76.0,Right,,,,,https://ui-avatars.com/api/?name=Hassan%20Kadesh&background=0d1f3c&color=00e5ff&size=120&bold=true&rounded=true
Saudi Arabia,Abdullah Al-Khaibari,MID,42,,74.0,63.0,74.0,69.0,71.0,61.0,60.0,Right,,,,,https://ui-avatars.com/api/?name=Abdullah%20Al-Khaibari&background=0d1f3c&color=00e5ff&size=120&bold=true&rounded=true
Saudi Arabia,Ziyad Al-Johani,MID,12,,79.0,65.0,55.0,69.0,82.0,71.0,65.0,Right,,,,,https://ui-avatars.com/api/?name=Ziyad%20Al-Johani&background=0d1f3c&color=00e5ff&size=120&bold=true&rounded=true
Saudi Arabia,Khalid Al-Ghannam,FWD,7,,72.0,74.0,82.0,59.0,83.0,38.0,75.0,Right,0.0,0.0,4.0,900000.0,https://ui-avatars.com/api/?name=Khalid%20Al-Ghannam&background=0d1f3c&color=00e5ff&size=120&bold=true&rounded=true
Saudi Arabia,Alaa Al-Hejji,MID,3,,73.0,81.0,68.0,72.0,82.0,56.0,67.0,Right,,,,,https://ui-avatars.com/api/?name=Alaa%20Al-Hejji&background=0d1f3c&color=00e5ff&size=120&bold=true&rounded=true
Saudi Arabia,Abdullah Al-Hamdan,FWD,52,,73.0,89.0,69.0,62.0,82.0,25.0,63.0,Right,,,,,https://ui-avatars.com/api/?name=Abdullah%20Al-Hamdan&background=0d1f3c&color=00e5ff&size=120&bold=true&rounded=true
Saudi Arabia,Sultan Mandash,FWD,7,,78.0,83.0,78.0,64.0,74.0,37.0,60.0,Right,,,,,https://ui-avatars.com/api/?name=Sultan%20Mandash&background=0d1f3c&color=00e5ff&size=120&bold=true&rounded=true
Saudi Arabia,Mohammed Al-Owais,GK,65,,68.0,42.0,23.0,50.0,40.0,22.0,67.0,Right,1.0,0.0,120.0,200000.0,https://ui-avatars.com/api/?name=Mohammed%20Al-Owais&background=0d1f3c&color=00e5ff&size=120&bold=true&rounded=true
Saudi Arabia,Ahmed Al-Kassar,GK,9,,73.0,50.0,33.0,55.0,34.0,20.0,70.0,Right,0.0,2.0,443.0,150000.0,https://ui-avatars.com/api/?name=Ahmed%20Al-Kassar&background=0d1f3c&color=00e5ff&size=120&bold=true&rounded=true
Saudi Arabia,Mohamed Kanno,MID,79,,73.0,71.0,72.0,81.0,83.0,53.0,74.0,Right,0.0,0.0,208.0,900000.0,https://ui-avatars.com/api/?name=Mohamed%20Kanno&background=0d1f3c&color=00e5ff&size=120&bold=true&rounded=true
Saudi Arabia,Moteb Al-Harbi,DEF,13,,78.0,80.0,37.0,52.0,65.0,76.0,74.0,Right,0.0,0.0,198.0,1200000.0,https://ui-avatars.com/api/?name=Moteb%20Al-Harbi&background=0d1f3c&color=00e5ff&size=120&bold=true&rounded=true
Saudi Arabia,Jehad Thakri,DEF,8,,77.0,73.0,38.0,68.0,60.0,73.0,79.0,Right,2.0,1.0,480.0,1000000.0,https://ui-avatars.com/api/?name=Jehad%20Thakri&background=0d1f3c&color=00e5ff&size=120&bold=true&rounded=true
Saudi Arabia,Mohammed Abu Al-Shamat,DEF,8,,78.0,79.0,54.0,65.0,68.0,78.0,77.0,Right,0.0,0.0,640.0,150000.0,https://ui-avatars.com/api/?name=Mohammed%20Abu%20Al-Shamat&background=0d1f3c&color=00e5ff&size=120&bold=true&rounded=true
Spain,David Raya,GK,13,,75.0,46.0,31.0,44.0,44.0,22.0,67.0,Right,0.0,0.0,18600.0,35000000.0,https://ui-avatars.com/api/?name=David%20Raya&background=0d1f3c&color=00e5ff&size=120&bold=true&rounded=true
Spain,Marc Pubill,DEF,2,,78.0,66.0,52.0,53.0,66.0,81.0,73.0,Right,1.0,5.0,5121.0,28000000.0,https://ui-avatars.com/api/?name=Marc%20Pubill&background=0d1f3c&color=00e5ff&size=120&bold=true&rounded=true
Spain,Álex Grimaldo,DEF,14,,79.0,79.0,48.0,60.0,60.0,84.0,71.0,Right,0.0,1.0,950.0,50000.0,https://ui-avatars.com/api/?name=%C3%81lex%20Grimaldo&background=0d1f3c&color=00e5ff&size=120&bold=true&rounded=true
Spain,Eric García,DEF,21,,84.0,77.0,56.0,67.0,60.0,76.0,81.0,Right,12.0,7.0,15264.0,35000000.0,https://ui-avatars.com/api/?name=Eric%20Garc%C3%ADa&background=0d1f3c&color=00e5ff&size=120&bold=true&rounded=true
Spain,Marcos Llorente,DEF,24,,78.0,77.0,43.0,58.0,59.0,77.0,72.0,Right,38.0,47.0,27643.0,22000000.0,https://ui-avatars.com/api/?name=Marcos%20Llorente&background=0d1f3c&color=00e5ff&size=120&bold=true&rounded=true
Spain,Mikel Merino,MID,43,,74.0,64.0,58.0,65.0,82.0,57.0,71.0,Right,43.0,38.0,25443.0,30000000.0,https://ui-avatars.com/api/?name=Mikel%20Merino&background=0d1f3c&color=00e5ff&size=120&bold=true&rounded=true
Spain,Ferran Torres,FWD,57,,79.0,89.0,82.0,71.0,84.0,38.0,71.0,Right,88.0,37.0,18042.0,50000000.0,https://ui-avatars.com/api/?name=Ferran%20Torres&background=0d1f3c&color=00e5ff&size=120&bold=true&rounded=true
Spain,Fabián Ruiz,MID,42,,75.0,77.0,72.0,80.0,68.0,72.0,70.0,Right,39.0,45.0,25222.0,40000000.0,https://ui-avatars.com/api/?name=Fabi%C3%A1n%20Ruiz&background=0d1f3c&color=00e5ff&size=120&bold=true&rounded=true
Spain,Gavi,MID,30,,85.0,65.0,76.0,70.0,70.0,77.0,72.0,Right,10.0,18.0,10086.0,30000000.0,https://ui-avatars.com/api/?name=Gavi&background=0d1f3c&color=00e5ff&size=120&bold=true&rounded=true
Spain,Dani Olmo,FWD,50,,84.0,76.0,80.0,82.0,85.0,50.0,68.0,Right,54.0,55.0,14665.0,60000000.0,https://ui-avatars.com/api/?name=Dani%20Olmo&background=0d1f3c&color=00e5ff&size=120&bold=true&rounded=true
Spain,Yéremy Pino,FWD,23,,75.0,76.0,68.0,60.0,73.0,28.0,68.0,Right,26.0,24.0,11425.0,35000000.0,https://ui-avatars.com/api/?name=Y%C3%A9remy%20Pino&background=0d1f3c&color=00e5ff&size=120&bold=true&rounded=true
Spain,Pedro Porro,DEF,18,,81.0,66.0,42.0,60.0,69.0,79.0,82.0,Right,26.0,47.0,22582.0,40000000.0,https://ui-avatars.com/api/?name=Pedro%20Porro&background=0d1f3c&color=00e5ff&size=120&bold=true&rounded=true
Spain,Joan Garcia,GK,2,,81.0,49.0,33.0,56.0,33.0,21.0,71.0,Right,0.0,0.0,8139.0,40000000.0,https://ui-avatars.com/api/?name=Joan%20Garcia&background=0d1f3c&color=00e5ff&size=120&bold=true&rounded=true
Spain,Aymeric Laporte,DEF,46,,84.0,61.0,50.0,62.0,64.0,79.0,80.0,Right,20.0,12.0,36063.0,9000000.0,https://ui-avatars.com/api/?name=Aymeric%20Laporte&background=0d1f3c&color=00e5ff&size=120&bold=true&rounded=true
Spain,Álex Baena,MID,17,,78.0,80.0,63.0,67.0,70.0,69.0,64.0,Right,24.0,41.0,11265.0,45000000.0,https://ui-avatars.com/api/?name=%C3%81lex%20Baena&background=0d1f3c&color=00e5ff&size=120&bold=true&rounded=true
Spain,Rodri,MID,62,,91.0,62.0,76.0,88.0,84.0,86.0,84.0,Right,0.0,0.0,301.0,250000.0,https://ui-avatars.com/api/?name=Rodri&background=0d1f3c&color=00e5ff&size=120&bold=true&rounded=true
Spain,Nico Williams,FWD,30,,83.0,93.0,74.0,76.0,86.0,35.0,68.0,Right,37.0,40.0,12853.0,50000000.0,https://ui-avatars.com/api/?name=Nico%20Williams&background=0d1f3c&color=00e5ff&size=120&bold=true&rounded=true
Spain,Martín Zubimendi,MID,26,,83.0,74.0,69.0,72.0,82.0,70.0,73.0,Right,16.0,12.0,22035.0,80000000.0,https://ui-avatars.com/api/?name=Mart%C3%ADn%20Zubimendi&background=0d1f3c&color=00e5ff&size=120&bold=true&rounded=true
Spain,Lamine Yamal,FWD,25,,83.0,90.0,72.0,80.0,88.0,28.0,48.0,Right,49.0,52.0,11219.0,200000000.0,https://ui-avatars.com/api/?name=Lamine%20Yamal&background=0d1f3c&color=00e5ff&size=120&bold=true&rounded=true
Spain,Pedri,MID,41,,86.0,72.0,72.0,86.0,88.0,65.0,65.0,Right,28.0,33.0,17721.0,150000000.0,https://ui-avatars.com/api/?name=Pedri&background=0d1f3c&color=00e5ff&size=120&bold=true&rounded=true
Spain,Mikel Oyarzabal,FWD,53,,77.0,78.0,72.0,66.0,72.0,41.0,67.0,Right,133.0,65.0,32074.0,25000000.0,https://ui-avatars.com/api/?name=Mikel%20Oyarzabal&background=0d1f3c&color=00e5ff&size=120&bold=true&rounded=true
Spain,Pau Cubarsí,DEF,12,,76.0,68.0,45.0,51.0,67.0,78.0,81.0,Right,2.0,5.0,10119.0,80000000.0,https://ui-avatars.com/api/?name=Pau%20Cubars%C3%AD&background=0d1f3c&color=00e5ff&size=120&bold=true&rounded=true
Spain,Unai Simón,GK,58,,83.0,41.0,30.0,59.0,31.0,23.0,72.0,Right,0.0,0.0,23681.0,25000000.0,https://ui-avatars.com/api/?name=Unai%20Sim%C3%B3n&background=0d1f3c&color=00e5ff&size=120&bold=true&rounded=true
Spain,Marc Cucurella,DEF,24,,83.0,74.0,49.0,54.0,69.0,74.0,74.0,Right,14.0,22.0,24687.0,50000000.0,https://ui-avatars.com/api/?name=Marc%20Cucurella&background=0d1f3c&color=00e5ff&size=120&bold=true&rounded=true
Spain,Víctor Muñoz,FWD,2,,82.0,79.0,75.0,62.0,83.0,32.0,68.0,Right,7.0,5.0,2813.0,20000000.0,https://ui-avatars.com/api/?name=V%C3%ADctor%20Mu%C3%B1oz&background=0d1f3c&color=00e5ff&size=120&bold=true&rounded=true
Spain,Borja Iglesias,FWD,8,,81.0,81.0,74.0,71.0,75.0,37.0,61.0,Right,104.0,23.0,18892.0,3000000.0,https://ui-avatars.com/api/?name=Borja%20Iglesias&background=0d1f3c&color=00e5ff&size=120&bold=true&rounded=true
Uruguay,Sergio Rochet,GK,35,,74.0,49.0,25.0,43.0,44.0,19.0,70.0,Right,0.0,0.0,7672.0,2000000.0,https://ui-avatars.com/api/?name=Sergio%20Rochet&background=0d1f3c&color=00e5ff&size=120&bold=true&rounded=true
Uruguay,José María Giménez,DEF,99,,83.0,72.0,48.0,58.0,55.0,84.0,82.0,Right,12.0,10.0,27572.0,12000000.0,https://ui-avatars.com/api/?name=Jos%C3%A9%20Mar%C3%ADa%20Gim%C3%A9nez&background=0d1f3c&color=00e5ff&size=120&bold=true&rounded=true
Uruguay,Sebastián Cáceres,DEF,24,,77.0,78.0,57.0,71.0,51.0,78.0,80.0,Right,32.0,12.0,32996.0,3500000.0,https://ui-avatars.com/api/?name=Sebasti%C3%A1n%20C%C3%A1ceres&background=0d1f3c&color=00e5ff&size=120&bold=true&rounded=true
Uruguay,Ronald Araújo,DEF,27,,85.0,82.0,48.0,55.0,55.0,86.0,86.0,Right,14.0,7.0,14496.0,20000000.0,https://ui-avatars.com/api/?name=Ronald%20Ara%C3%BAjo&background=0d1f3c&color=00e5ff&size=120&bold=true&rounded=true
Uruguay,Manuel Ugarte,MID,36,,81.0,71.0,59.0,70.0,77.0,57.0,73.0,Right,4.0,14.0,12615.0,30000000.0,https://ui-avatars.com/api/?name=Manuel%20Ugarte&background=0d1f3c&color=00e5ff&size=120&bold=true&rounded=true
Uruguay,Rodrigo Bentancur,MID,74,,77.0,60.0,66.0,80.0,79.0,72.0,76.0,Right,13.0,26.0,21320.0,22000000.0,https://ui-avatars.com/api/?name=Rodrigo%20Bentancur&background=0d1f3c&color=00e5ff&size=120&bold=true&rounded=true
Uruguay,Nicolás de la Cruz,MID,34,,70.0,80.0,64.0,74.0,72.0,73.0,61.0,Right,0.0,0.0,9.0,9000000.0,https://ui-avatars.com/api/?name=Nicol%C3%A1s%20de%20la%20Cruz&background=0d1f3c&color=00e5ff&size=120&bold=true&rounded=true
Uruguay,Federico Valverde,MID,73,,87.0,82.0,80.0,80.0,82.0,78.0,82.0,Right,41.0,44.0,28193.0,120000000.0,https://ui-avatars.com/api/?name=Federico%20Valverde&background=0d1f3c&color=00e5ff&size=120&bold=true&rounded=true
Uruguay,Darwin Núñez,FWD,38,,84.0,90.0,82.0,62.0,78.0,35.0,78.0,Right,84.0,37.0,12183.0,25000000.0,https://ui-avatars.com/api/?name=Darwin%20N%C3%BA%C3%B1ez&background=0d1f3c&color=00e5ff&size=120&bold=true&rounded=true
Uruguay,Giorgian de Arrascaeta,MID,60,,78.0,79.0,67.0,80.0,69.0,68.0,71.0,Right,1.0,1.0,257.0,15000000.0,https://ui-avatars.com/api/?name=Giorgian%20de%20Arrascaeta&background=0d1f3c&color=00e5ff&size=120&bold=true&rounded=true
Uruguay,Facundo Pellistri,FWD,39,,77.0,88.0,82.0,64.0,78.0,31.0,70.0,Right,5.0,9.0,5339.0,6000000.0,https://ui-avatars.com/api/?name=Facundo%20Pellistri&background=0d1f3c&color=00e5ff&size=120&bold=true&rounded=true
Uruguay,Santiago Mele,GK,8,,70.0,48.0,27.0,59.0,39.0,22.0,66.0,Right,1.0,0.0,103.0,3000000.0,https://ui-avatars.com/api/?name=Santiago%20Mele&background=0d1f3c&color=00e5ff&size=120&bold=true&rounded=true
Uruguay,Guillermo Varela,DEF,28,,78.0,66.0,46.0,55.0,68.0,83.0,76.0,Right,0.0,7.0,8382.0,1200000.0,https://ui-avatars.com/api/?name=Guillermo%20Varela&background=0d1f3c&color=00e5ff&size=120&bold=true&rounded=true
Uruguay,Agustín Canobbio,MID,15,,78.0,60.0,70.0,80.0,74.0,56.0,63.0,Right,0.0,0.0,158.0,6000000.0,https://ui-avatars.com/api/?name=Agust%C3%ADn%20Canobbio&background=0d1f3c&color=00e5ff&size=120&bold=true&rounded=true
Uruguay,Emiliano Martínez,MID,10,,87.0,50.0,30.0,55.0,40.0,25.0,78.0,Right,0.0,1.0,24956.0,15000000.0,https://ui-avatars.com/api/?name=Emiliano%20Mart%C3%ADnez&background=0d1f3c&color=00e5ff&size=120&bold=true&rounded=true
Uruguay,Emiliano Martínez,MID,10,,87.0,50.0,30.0,55.0,40.0,25.0,78.0,Right,0.0,1.0,24956.0,15000000.0,https://ui-avatars.com/api/?name=Emiliano%20Mart%C3%ADnez&background=0d1f3c&color=00e5ff&size=120&bold=true&rounded=true
Uruguay,Mathías Olivera,DEF,35,,80.0,79.0,42.0,62.0,62.0,72.0,70.0,Right,5.0,17.0,17316.0,15000000.0,https://ui-avatars.com/api/?name=Math%C3%ADas%20Olivera&background=0d1f3c&color=00e5ff&size=120&bold=true&rounded=true
Uruguay,Matías Viña,DEF,43,,74.0,60.0,53.0,62.0,63.0,77.0,73.0,Right,2.0,4.0,3743.0,4000000.0,https://ui-avatars.com/api/?name=Mat%C3%ADas%20Vi%C3%B1a&background=0d1f3c&color=00e5ff&size=120&bold=true&rounded=true
Uruguay,Brian Rodríguez,FWD,32,,78.0,60.0,78.0,85.0,82.0,38.0,55.0,Right,2.0,2.0,602.0,50000.0,https://ui-avatars.com/api/?name=Brian%20Rodr%C3%ADguez&background=0d1f3c&color=00e5ff&size=120&bold=true&rounded=true
Uruguay,Rodrigo Aguirre,FWD,10,,81.0,78.0,75.0,67.0,82.0,30.0,63.0,Right,1.0,1.0,642.0,2300000.0,https://ui-avatars.com/api/?name=Rodrigo%20Aguirre&background=0d1f3c&color=00e5ff&size=120&bold=true&rounded=true
Uruguay,Maximiliano Araújo,MID,28,,85.0,82.0,48.0,55.0,55.0,86.0,86.0,Right,0.0,0.0,90.0,150000.0,https://ui-avatars.com/api/?name=Maximiliano%20Ara%C3%BAjo&background=0d1f3c&color=00e5ff&size=120&bold=true&rounded=true
Uruguay,Federico Viñas,FWD,11,,77.0,74.0,79.0,57.0,84.0,26.0,73.0,Right,9.0,1.0,2507.0,4000000.0,https://ui-avatars.com/api/?name=Federico%20Vi%C3%B1as&background=0d1f3c&color=00e5ff&size=120&bold=true&rounded=true
Uruguay,Joaquín Piquerez,MID,19,,75.0,63.0,62.0,72.0,81.0,74.0,65.0,Right,0.0,0.0,390.0,12000000.0,https://ui-avatars.com/api/?name=Joaqu%C3%ADn%20Piquerez&background=0d1f3c&color=00e5ff&size=120&bold=true&rounded=true
Uruguay,Fernando Muslera,GK,134,,72.0,49.0,22.0,51.0,30.0,22.0,78.0,Right,1.0,2.0,43153.0,750000.0,https://ui-avatars.com/api/?name=Fernando%20Muslera&background=0d1f3c&color=00e5ff&size=120&bold=true&rounded=true
Uruguay,Santiago Bueno,DEF,8,,73.0,79.0,43.0,70.0,69.0,78.0,84.0,Right,4.0,4.0,9359.0,10000000.0,https://ui-avatars.com/api/?name=Santiago%20Bueno&background=0d1f3c&color=00e5ff&size=120&bold=true&rounded=true
Uruguay,Juan Manuel Sanabria,MID,5,,75.0,61.0,67.0,77.0,82.0,59.0,77.0,Right,0.0,0.0,7.0,4500000.0,https://ui-avatars.com/api/?name=Juan%20Manuel%20Sanabria&background=0d1f3c&color=00e5ff&size=120&bold=true&rounded=true
Uruguay,Rodrigo Zalazar,MID,8,,70.0,77.0,74.0,77.0,68.0,71.0,63.0,Right,38.0,32.0,9222.0,22000000.0,https://ui-avatars.com/api/?name=Rodrigo%20Zalazar&background=0d1f3c&color=00e5ff&size=120&bold=true&rounded=true
France,Brice Samba,GK,4,,74.0,40.0,34.0,52.0,30.0,25.0,74.0,Right,0.0,0.0,16793.0,8000000.0,https://ui-avatars.com/api/?name=Brice%20Samba&background=0d1f3c&color=00e5ff&size=120&bold=true&rounded=true
France,Malo Gusto,DEF,11,,81.0,72.0,47.0,63.0,57.0,79.0,80.0,Right,3.0,22.0,12132.0,35000000.0,https://ui-avatars.com/api/?name=Malo%20Gusto&background=0d1f3c&color=00e5ff&size=120&bold=true&rounded=true
France,Lucas Digne,DEF,58,,83.0,69.0,47.0,56.0,54.0,72.0,81.0,Right,14.0,55.0,34815.0,8000000.0,https://ui-avatars.com/api/?name=Lucas%20Digne&background=0d1f3c&color=00e5ff&size=120&bold=true&rounded=true
France,Dayot Upamecano,DEF,38,,82.0,70.0,57.0,51.0,67.0,72.0,83.0,Right,11.0,16.0,28095.0,70000000.0,https://ui-avatars.com/api/?name=Dayot%20Upamecano&background=0d1f3c&color=00e5ff&size=120&bold=true&rounded=true
France,Jules Koundé,DEF,48,,85.0,82.0,48.0,70.0,72.0,85.0,78.0,Right,23.0,26.0,32435.0,65000000.0,https://ui-avatars.com/api/?name=Jules%20Kound%C3%A9&background=0d1f3c&color=00e5ff&size=120&bold=true&rounded=true
France,Manu Koné,MID,14,,80.0,70.0,72.0,78.0,81.0,67.0,72.0,Right,10.0,10.0,13838.0,50000000.0,https://ui-avatars.com/api/?name=Manu%20Kon%C3%A9&background=0d1f3c&color=00e5ff&size=120&bold=true&rounded=true
France,Ousmane Dembélé,FWD,59,,85.0,92.0,76.0,80.0,90.0,38.0,58.0,Right,117.0,106.0,24067.0,100000000.0,https://ui-avatars.com/api/?name=Ousmane%20Demb%C3%A9l%C3%A9&background=0d1f3c&color=00e5ff&size=120&bold=true&rounded=true
France,Aurélien Tchouaméni,MID,46,,85.0,72.0,68.0,78.0,76.0,84.0,82.0,Right,14.0,15.0,23840.0,75000000.0,https://ui-avatars.com/api/?name=Aur%C3%A9lien%20Tchouam%C3%A9ni&background=0d1f3c&color=00e5ff&size=120&bold=true&rounded=true
France,Marcus Thuram,FWD,34,,85.0,86.0,82.0,72.0,82.0,40.0,82.0,Right,107.0,65.0,23369.0,50000000.0,https://ui-avatars.com/api/?name=Marcus%20Thuram&background=0d1f3c&color=00e5ff&size=120&bold=true&rounded=true
France,Kylian Mbappé,FWD,98,,91.0,97.0,89.0,80.0,92.0,36.0,76.0,Right,325.0,112.0,32646.0,200000000.0,https://ui-avatars.com/api/?name=Kylian%20Mbapp%C3%A9&background=0d1f3c&color=00e5ff&size=120&bold=true&rounded=true
France,Michael Olise,FWD,17,,84.0,84.0,80.0,82.0,88.0,30.0,62.0,Right,58.0,78.0,13395.0,140000000.0,https://ui-avatars.com/api/?name=Michael%20Olise&background=0d1f3c&color=00e5ff&size=120&bold=true&rounded=true
France,Bradley Barcola,FWD,20,,82.0,92.0,74.0,74.0,86.0,32.0,60.0,Right,40.0,44.0,10292.0,70000000.0,https://ui-avatars.com/api/?name=Bradley%20Barcola&background=0d1f3c&color=00e5ff&size=120&bold=true&rounded=true
France,N'Golo Kanté,MID,69,,84.0,78.0,75.0,80.0,74.0,66.0,67.0,Right,17.0,25.0,27402.0,4000000.0,https://ui-avatars.com/api/?name=N%27Golo%20Kant%C3%A9&background=0d1f3c&color=00e5ff&size=120&bold=true&rounded=true
France,Adrien Rabiot,MID,59,,76.0,77.0,69.0,73.0,71.0,59.0,71.0,Right,56.0,41.0,34800.0,20000000.0,https://ui-avatars.com/api/?name=Adrien%20Rabiot&background=0d1f3c&color=00e5ff&size=120&bold=true&rounded=true
France,Ibrahima Konaté,DEF,28,,78.0,77.0,54.0,50.0,69.0,80.0,75.0,Right,11.0,5.0,21621.0,50000000.0,https://ui-avatars.com/api/?name=Ibrahima%20Konat%C3%A9&background=0d1f3c&color=00e5ff&size=120&bold=true&rounded=true
France,Mike Maignan,GK,40,,87.0,55.0,28.0,58.0,40.0,25.0,80.0,Right,0.0,3.0,32602.0,25000000.0,https://ui-avatars.com/api/?name=Mike%20Maignan&background=0d1f3c&color=00e5ff&size=120&bold=true&rounded=true
France,William Saliba,DEF,32,,86.0,78.0,40.0,62.0,60.0,87.0,84.0,Right,9.0,3.0,23567.0,90000000.0,https://ui-avatars.com/api/?name=William%20Saliba&background=0d1f3c&color=00e5ff&size=120&bold=true&rounded=true
France,Warren Zaïre-Emery,MID,11,,74.0,69.0,57.0,75.0,69.0,65.0,68.0,Right,10.0,13.0,10823.0,60000000.0,https://ui-avatars.com/api/?name=Warren%20Za%C3%AFre-Emery&background=0d1f3c&color=00e5ff&size=120&bold=true&rounded=true
France,Théo Hernandez,DEF,44,,85.0,88.0,70.0,76.0,78.0,80.0,82.0,Right,37.0,54.0,29779.0,28000000.0,https://ui-avatars.com/api/?name=Th%C3%A9o%20Hernandez&background=0d1f3c&color=00e5ff&size=120&bold=true&rounded=true
France,Désiré Doué,FWD,7,,85.0,72.0,80.0,68.0,80.0,32.0,65.0,Right,32.0,28.0,8665.0,90000000.0,https://ui-avatars.com/api/?name=D%C3%A9sir%C3%A9%20Dou%C3%A9&background=0d1f3c&color=00e5ff&size=120&bold=true&rounded=true
France,Lucas Hernandez,DEF,42,,85.0,88.0,70.0,76.0,78.0,80.0,82.0,Right,5.0,17.0,21673.0,20000000.0,https://ui-avatars.com/api/?name=Lucas%20Hernandez&background=0d1f3c&color=00e5ff&size=120&bold=true&rounded=true
France,Jean-Philippe Mateta,FWD,4,,84.0,83.0,68.0,65.0,79.0,34.0,76.0,Right,85.0,15.0,15721.0,35000000.0,https://ui-avatars.com/api/?name=Jean-Philippe%20Mateta&background=0d1f3c&color=00e5ff&size=120&bold=true&rounded=true
France,Robin Risser,GK,0,,80.0,50.0,34.0,56.0,30.0,27.0,77.0,Right,0.0,1.0,2970.0,25000000.0,https://ui-avatars.com/api/?name=Robin%20Risser&background=0d1f3c&color=00e5ff&size=120&bold=true&rounded=true
France,Rayan Cherki,MID,7,,78.0,78.0,62.0,70.0,73.0,67.0,65.0,Right,31.0,54.0,11063.0,65000000.0,https://ui-avatars.com/api/?name=Rayan%20Cherki&background=0d1f3c&color=00e5ff&size=120&bold=true&rounded=true
France,Maghnes Akliouche,MID,9,,78.0,70.0,73.0,72.0,76.0,66.0,62.0,Right,21.0,26.0,8660.0,50000000.0,https://ui-avatars.com/api/?name=Maghnes%20Akliouche&background=0d1f3c&color=00e5ff&size=120&bold=true&rounded=true
France,Maxence Lacroix,DEF,4,,76.0,65.0,51.0,70.0,68.0,73.0,84.0,Right,9.0,5.0,17930.0,40000000.0,https://ui-avatars.com/api/?name=Maxence%20Lacroix&background=0d1f3c&color=00e5ff&size=120&bold=true&rounded=true
Iraq,Fahad Talib,GK,21,,75.0,42.0,26.0,56.0,35.0,20.0,72.0,Right,0.0,0.0,26.0,350000.0,https://ui-avatars.com/api/?name=Fahad%20Talib&background=0d1f3c&color=00e5ff&size=120&bold=true&rounded=true
Iraq,Rebin Sulaka,DEF,56,,73.0,56.0,40.0,54.0,68.0,75.0,73.0,Right,3.0,1.0,979.0,300000.0,https://ui-avatars.com/api/?name=Rebin%20Sulaka&background=0d1f3c&color=00e5ff&size=120&bold=true&rounded=true
Iraq,Hussein Ali,DEF,27,,73.0,80.0,51.0,60.0,53.0,81.0,82.0,Right,0.0,0.0,1133.0,300000.0,https://ui-avatars.com/api/?name=Hussein%20Ali&background=0d1f3c&color=00e5ff&size=120&bold=true&rounded=true
Iraq,Zaid Tahseen,DEF,28,,71.0,80.0,51.0,58.0,53.0,78.0,81.0,Right,,,,,https://ui-avatars.com/api/?name=Zaid%20Tahseen&background=0d1f3c&color=00e5ff&size=120&bold=true&rounded=true
Iraq,Akam Hashim,DEF,14,,70.0,80.0,37.0,63.0,57.0,79.0,80.0,Right,,,,,https://ui-avatars.com/api/?name=Akam%20Hashim&background=0d1f3c&color=00e5ff&size=120&bold=true&rounded=true
Iraq,Manaf Younis,DEF,34,,79.0,55.0,44.0,67.0,65.0,79.0,70.0,Right,,,,,https://ui-avatars.com/api/?name=Manaf%20Younis&background=0d1f3c&color=00e5ff&size=120&bold=true&rounded=true
Iraq,Youssef Amyn,MID,27,,79.0,65.0,70.0,68.0,73.0,61.0,68.0,Right,0.0,0.0,25.0,600000.0,https://ui-avatars.com/api/?name=Youssef%20Amyn&background=0d1f3c&color=00e5ff&size=120&bold=true&rounded=true
Iraq,Ibrahim Bayesh,MID,76,,75.0,69.0,77.0,78.0,80.0,74.0,61.0,Right,5.0,6.0,1643.0,30000000.0,https://ui-avatars.com/api/?name=Ibrahim%20Bayesh&background=0d1f3c&color=00e5ff&size=120&bold=true&rounded=true
Iraq,Ali Al-Hamadi,FWD,20,,70.0,81.0,76.0,74.0,79.0,34.0,76.0,Right,1.0,1.0,394.0,1500000.0,https://ui-avatars.com/api/?name=Ali%20Al-Hamadi&background=0d1f3c&color=00e5ff&size=120&bold=true&rounded=true
Iraq,Mohanad Ali,FWD,72,,70.0,76.0,70.0,70.0,72.0,39.0,60.0,Right,0.0,0.0,207.0,1400000.0,https://ui-avatars.com/api/?name=Mohanad%20Ali&background=0d1f3c&color=00e5ff&size=120&bold=true&rounded=true
Iraq,Ahmed Qasem,FWD,3,,79.0,80.0,72.0,66.0,81.0,39.0,59.0,Right,3.0,1.0,1006.0,3500000.0,https://ui-avatars.com/api/?name=Ahmed%20Qasem&background=0d1f3c&color=00e5ff&size=120&bold=true&rounded=true
Iraq,Jalal Hassan,GK,102,,74.0,54.0,21.0,59.0,41.0,24.0,68.0,Right,,,,,https://ui-avatars.com/api/?name=Jalal%20Hassan&background=0d1f3c&color=00e5ff&size=120&bold=true&rounded=true
Iraq,Ali Yousif,FWD,7,,74.0,87.0,74.0,70.0,72.0,26.0,60.0,Right,0.0,0.0,968.0,1500000.0,https://ui-avatars.com/api/?name=Ali%20Yousif&background=0d1f3c&color=00e5ff&size=120&bold=true&rounded=true
Iraq,Zidane Iqbal,MID,25,,77.0,78.0,74.0,81.0,71.0,71.0,60.0,Right,1.0,0.0,2569.0,1000000.0,https://ui-avatars.com/api/?name=Zidane%20Iqbal&background=0d1f3c&color=00e5ff&size=120&bold=true&rounded=true
Iraq,Ahmed Maknzi,DEF,7,,71.0,60.0,49.0,63.0,69.0,80.0,74.0,Right,1.0,1.0,393.0,200000.0,https://ui-avatars.com/api/?name=Ahmed%20Maknzi&background=0d1f3c&color=00e5ff&size=120&bold=true&rounded=true
Iraq,Amir Al-Ammari,MID,51,,75.0,62.0,60.0,81.0,78.0,65.0,71.0,Right,0.0,0.0,36.0,200000.0,https://ui-avatars.com/api/?name=Amir%20Al-Ammari&background=0d1f3c&color=00e5ff&size=120&bold=true&rounded=true
Iraq,Ali Jasim,FWD,36,,74.0,75.0,78.0,72.0,76.0,27.0,65.0,Right,1.0,0.0,444.0,550000.0,https://ui-avatars.com/api/?name=Ali%20Jasim&background=0d1f3c&color=00e5ff&size=120&bold=true&rounded=true
Iraq,Aymen Hussein,FWD,95,,74.0,74.0,75.0,72.0,81.0,41.0,65.0,Right,,,,,https://ui-avatars.com/api/?name=Aymen%20Hussein&background=0d1f3c&color=00e5ff&size=120&bold=true&rounded=true
Iraq,Kevin Yakob,MID,9,,74.0,68.0,59.0,77.0,72.0,72.0,64.0,Right,6.0,9.0,2335.0,600000.0,https://ui-avatars.com/api/?name=Kevin%20Yakob&background=0d1f3c&color=00e5ff&size=120&bold=true&rounded=true
Iraq,Aimar Sher,MID,7,,75.0,70.0,60.0,69.0,76.0,76.0,75.0,Right,0.0,0.0,376.0,1300000.0,https://ui-avatars.com/api/?name=Aimar%20Sher&background=0d1f3c&color=00e5ff&size=120&bold=true&rounded=true
Iraq,Marko Farji,FWD,12,,69.0,72.0,75.0,73.0,85.0,35.0,69.0,Right,0.0,1.0,2775.0,100000.0,https://ui-avatars.com/api/?name=Marko%20Farji&background=0d1f3c&color=00e5ff&size=120&bold=true&rounded=true
Iraq,Ahmed Basil,GK,16,,74.0,49.0,32.0,47.0,44.0,23.0,76.0,Right,1.0,0.0,2011.0,150000.0,https://ui-avatars.com/api/?name=Ahmed%20Basil&background=0d1f3c&color=00e5ff&size=120&bold=true&rounded=true
Iraq,Merchas Doski,DEF,31,,77.0,63.0,41.0,70.0,64.0,73.0,76.0,Right,0.0,3.0,664.0,1700000.0,https://ui-avatars.com/api/?name=Merchas%20Doski&background=0d1f3c&color=00e5ff&size=120&bold=true&rounded=true
Iraq,Zaid Ismail,MID,6,,71.0,69.0,55.0,72.0,72.0,64.0,60.0,Right,0.0,0.0,164.0,50000.0,https://ui-avatars.com/api/?name=Zaid%20Ismail&background=0d1f3c&color=00e5ff&size=120&bold=true&rounded=true
Iraq,Mustafa Saadoon,DEF,17,,68.0,79.0,44.0,71.0,59.0,76.0,84.0,Right,,,,,https://ui-avatars.com/api/?name=Mustafa%20Saadoon&background=0d1f3c&color=00e5ff&size=120&bold=true&rounded=true
Iraq,Frans Putros,DEF,28,,68.0,76.0,40.0,52.0,62.0,79.0,83.0,Right,4.0,3.0,5490.0,350000.0,https://ui-avatars.com/api/?name=Frans%20Putros&background=0d1f3c&color=00e5ff&size=120&bold=true&rounded=true
Norway,Ørjan Nyland,GK,71,,70.0,40.0,25.0,52.0,30.0,23.0,65.0,Right,0.0,1.0,8493.0,900000.0,https://ui-avatars.com/api/?name=%C3%98rjan%20Nyland&background=0d1f3c&color=00e5ff&size=120&bold=true&rounded=true
Norway,Morten Thorsby,MID,31,,75.0,60.0,68.0,78.0,82.0,57.0,74.0,Right,27.0,18.0,21729.0,3000000.0,https://ui-avatars.com/api/?name=Morten%20Thorsby&background=0d1f3c&color=00e5ff&size=120&bold=true&rounded=true
Norway,Kristoffer Ajer,DEF,52,,75.0,81.0,47.0,66.0,52.0,83.0,75.0,Right,9.0,10.0,22891.0,18000000.0,https://ui-avatars.com/api/?name=Kristoffer%20Ajer&background=0d1f3c&color=00e5ff&size=120&bold=true&rounded=true
Norway,Leo Østigård,DEF,38,,74.0,76.0,51.0,51.0,64.0,76.0,79.0,Right,10.0,1.0,8771.0,10000000.0,https://ui-avatars.com/api/?name=Leo%20%C3%98stig%C3%A5rd&background=0d1f3c&color=00e5ff&size=120&bold=true&rounded=true
Norway,David Møller Wolfe,DEF,22,,73.0,60.0,40.0,67.0,67.0,75.0,70.0,Right,6.0,12.0,7783.0,10000000.0,https://ui-avatars.com/api/?name=David%20M%C3%B8ller%20Wolfe&background=0d1f3c&color=00e5ff&size=120&bold=true&rounded=true
Norway,Patrick Berg,MID,43,,78.0,71.0,68.0,77.0,74.0,61.0,74.0,Right,3.0,6.0,2779.0,8000000.0,https://ui-avatars.com/api/?name=Patrick%20Berg&background=0d1f3c&color=00e5ff&size=120&bold=true&rounded=true
Norway,Alexander Sørloth,FWD,72,,72.0,82.0,82.0,66.0,74.0,41.0,60.0,Right,150.0,41.0,23447.0,20000000.0,https://ui-avatars.com/api/?name=Alexander%20S%C3%B8rloth&background=0d1f3c&color=00e5ff&size=120&bold=true&rounded=true
Norway,Sander Berge,MID,66,,79.0,68.0,72.0,76.0,72.0,76.0,82.0,Right,10.0,9.0,17804.0,25000000.0,https://ui-avatars.com/api/?name=Sander%20Berge&background=0d1f3c&color=00e5ff&size=120&bold=true&rounded=true
Norway,Erling Haaland,FWD,50,,91.0,89.0,93.0,65.0,80.0,45.0,88.0,Right,255.0,52.0,23546.0,200000000.0,https://ui-avatars.com/api/?name=Erling%20Haaland&background=0d1f3c&color=00e5ff&size=120&bold=true&rounded=true
Norway,Martin Ødegaard,MID,68,,88.0,72.0,80.0,90.0,88.0,55.0,60.0,Right,61.0,67.0,26157.0,65000000.0,https://ui-avatars.com/api/?name=Martin%20%C3%98degaard&background=0d1f3c&color=00e5ff&size=120&bold=true&rounded=true
Norway,Jørgen Strand Larsen,FWD,28,,72.0,75.0,70.0,70.0,83.0,32.0,74.0,Right,68.0,24.0,15336.0,45000000.0,https://ui-avatars.com/api/?name=J%C3%B8rgen%20Strand%20Larsen&background=0d1f3c&color=00e5ff&size=120&bold=true&rounded=true
Norway,Sander Tangvik,GK,0,,76.0,50.0,21.0,40.0,32.0,21.0,77.0,Right,0.0,0.0,630.0,3000000.0,https://ui-avatars.com/api/?name=Sander%20Tangvik&background=0d1f3c&color=00e5ff&size=120&bold=true&rounded=true
Norway,Egil Selvik,GK,7,,75.0,49.0,33.0,44.0,44.0,21.0,72.0,Right,0.0,0.0,90.0,1300000.0,https://ui-avatars.com/api/?name=Egil%20Selvik&background=0d1f3c&color=00e5ff&size=120&bold=true&rounded=true
Norway,Fredrik Aursnes,MID,22,,80.0,73.0,70.0,68.0,80.0,75.0,72.0,Right,13.0,34.0,17814.0,17000000.0,https://ui-avatars.com/api/?name=Fredrik%20Aursnes&background=0d1f3c&color=00e5ff&size=120&bold=true&rounded=true
Norway,Fredrik André Bjørkan,DEF,21,,71.0,57.0,56.0,57.0,64.0,82.0,84.0,Right,1.0,7.0,3752.0,3500000.0,https://ui-avatars.com/api/?name=Fredrik%20Andr%C3%A9%20Bj%C3%B8rkan&background=0d1f3c&color=00e5ff&size=120&bold=true&rounded=true
Norway,Marcus Holmgren Pedersen,DEF,32,,78.0,61.0,47.0,51.0,57.0,78.0,77.0,Right,1.0,0.0,252.0,150000.0,https://ui-avatars.com/api/?name=Marcus%20Holmgren%20Pedersen&background=0d1f3c&color=00e5ff&size=120&bold=true&rounded=true
Norway,Torbjørn Heggem,DEF,15,,81.0,73.0,41.0,59.0,65.0,74.0,83.0,Right,0.0,0.0,2862.0,14000000.0,https://ui-avatars.com/api/?name=Torbj%C3%B8rn%20Heggem&background=0d1f3c&color=00e5ff&size=120&bold=true&rounded=true
Norway,Kristian Thorstvedt,MID,37,,79.0,63.0,72.0,69.0,72.0,56.0,61.0,Right,21.0,10.0,10677.0,10000000.0,https://ui-avatars.com/api/?name=Kristian%20Thorstvedt&background=0d1f3c&color=00e5ff&size=120&bold=true&rounded=true
Norway,Thelo Aasgaard,MID,8,,80.0,70.0,77.0,69.0,81.0,55.0,73.0,Right,6.0,5.0,2061.0,2800000.0,https://ui-avatars.com/api/?name=Thelo%20Aasgaard&background=0d1f3c&color=00e5ff&size=120&bold=true&rounded=true
Norway,Antonio Nusa,FWD,24,,81.0,75.0,80.0,60.0,81.0,39.0,65.0,Right,15.0,17.0,6709.0,32000000.0,https://ui-avatars.com/api/?name=Antonio%20Nusa&background=0d1f3c&color=00e5ff&size=120&bold=true&rounded=true
Norway,Andreas Schjelderup,MID,12,,79.0,66.0,59.0,74.0,71.0,55.0,75.0,Right,32.0,20.0,8007.0,20000000.0,https://ui-avatars.com/api/?name=Andreas%20Schjelderup&background=0d1f3c&color=00e5ff&size=120&bold=true&rounded=true
Norway,Oscar Bobb,MID,20,,77.0,60.0,64.0,75.0,78.0,66.0,63.0,Right,3.0,4.0,2396.0,30000000.0,https://ui-avatars.com/api/?name=Oscar%20Bobb&background=0d1f3c&color=00e5ff&size=120&bold=true&rounded=true
Norway,Jens Petter Hauge,MID,15,,73.0,74.0,63.0,69.0,83.0,71.0,65.0,Right,20.0,20.0,6242.0,12000000.0,https://ui-avatars.com/api/?name=Jens%20Petter%20Hauge&background=0d1f3c&color=00e5ff&size=120&bold=true&rounded=true
Norway,Sondre Langås,DEF,3,,72.0,76.0,35.0,69.0,65.0,78.0,80.0,Right,0.0,0.0,90.0,3500000.0,https://ui-avatars.com/api/?name=Sondre%20Lang%C3%A5s&background=0d1f3c&color=00e5ff&size=120&bold=true&rounded=true
Norway,Henrik Falchener,DEF,1,,80.0,64.0,37.0,58.0,61.0,78.0,83.0,Right,0.0,0.0,258.0,4000000.0,https://ui-avatars.com/api/?name=Henrik%20Falchener&background=0d1f3c&color=00e5ff&size=120&bold=true&rounded=true
Norway,Julian Ryerson,FWD,43,,70.0,89.0,68.0,63.0,80.0,34.0,76.0,Right,9.0,27.0,16030.0,25000000.0,https://ui-avatars.com/api/?name=Julian%20Ryerson&background=0d1f3c&color=00e5ff&size=120&bold=true&rounded=true
Senegal,Yehvann Diouf,GK,2,,74.0,54.0,23.0,41.0,42.0,25.0,79.0,Right,0.0,0.0,12105.0,7000000.0,https://ui-avatars.com/api/?name=Yehvann%20Diouf&background=0d1f3c&color=00e5ff&size=120&bold=true&rounded=true
Senegal,Mamadou Sarr,DEF,8,,78.0,64.0,48.0,59.0,63.0,81.0,83.0,Right,0.0,1.0,4910.0,25000000.0,https://ui-avatars.com/api/?name=Mamadou%20Sarr&background=0d1f3c&color=00e5ff&size=120&bold=true&rounded=true
Senegal,Kalidou Koulibaly,DEF,103,,76.0,63.0,48.0,52.0,69.0,73.0,79.0,Right,20.0,14.0,37242.0,5000000.0,https://ui-avatars.com/api/?name=Kalidou%20Koulibaly&background=0d1f3c&color=00e5ff&size=120&bold=true&rounded=true
Senegal,Abdoulaye Seck,DEF,22,,72.0,65.0,45.0,70.0,62.0,78.0,76.0,Right,6.0,2.0,6255.0,500000.0,https://ui-avatars.com/api/?name=Abdoulaye%20Seck&background=0d1f3c&color=00e5ff&size=120&bold=true&rounded=true
Senegal,Idrissa Gueye,MID,131,,70.0,59.0,66.0,74.0,69.0,71.0,70.0,Right,23.0,23.0,38456.0,1000000.0,https://ui-avatars.com/api/?name=Idrissa%20Gueye&background=0d1f3c&color=00e5ff&size=120&bold=true&rounded=true
Senegal,Pathé Ciss,MID,30,,70.0,76.0,72.0,67.0,72.0,76.0,75.0,Right,11.0,5.0,8748.0,2000000.0,https://ui-avatars.com/api/?name=Path%C3%A9%20Ciss&background=0d1f3c&color=00e5ff&size=120&bold=true&rounded=true
Senegal,Assane Diao,FWD,5,,75.0,83.0,78.0,69.0,81.0,36.0,70.0,Right,16.0,4.0,4138.0,30000000.0,https://ui-avatars.com/api/?name=Assane%20Diao&background=0d1f3c&color=00e5ff&size=120&bold=true&rounded=true
Senegal,Lamine Camara,MID,33,,73.0,64.0,76.0,66.0,77.0,76.0,74.0,Right,6.0,15.0,7568.0,35000000.0,https://ui-avatars.com/api/?name=Lamine%20Camara&background=0d1f3c&color=00e5ff&size=120&bold=true&rounded=true
Senegal,Bamba Dieng,FWD,23,,77.0,78.0,82.0,69.0,78.0,38.0,65.0,Right,28.0,7.0,4591.0,6000000.0,https://ui-avatars.com/api/?name=Bamba%20Dieng&background=0d1f3c&color=00e5ff&size=120&bold=true&rounded=true
Senegal,Sadio Mané,FWD,128,,82.0,86.0,80.0,72.0,84.0,42.0,76.0,Right,156.0,67.0,29468.0,7000000.0,https://ui-avatars.com/api/?name=Sadio%20Man%C3%A9&background=0d1f3c&color=00e5ff&size=120&bold=true&rounded=true
Senegal,Nicolas Jackson,FWD,33,,81.0,83.0,80.0,65.0,72.0,41.0,61.0,Right,52.0,22.0,9422.0,40000000.0,https://ui-avatars.com/api/?name=Nicolas%20Jackson&background=0d1f3c&color=00e5ff&size=120&bold=true&rounded=true
Senegal,Cherif Ndiaye,FWD,19,,74.0,79.0,72.0,70.0,75.0,39.0,69.0,Right,37.0,13.0,7277.0,5000000.0,https://ui-avatars.com/api/?name=Cherif%20Ndiaye&background=0d1f3c&color=00e5ff&size=120&bold=true&rounded=true
Senegal,Iliman Ndiaye,FWD,40,,74.0,87.0,81.0,64.0,78.0,37.0,77.0,Right,22.0,8.0,8369.0,50000000.0,https://ui-avatars.com/api/?name=Iliman%20Ndiaye&background=0d1f3c&color=00e5ff&size=120&bold=true&rounded=true
Senegal,Ismail Jakobs,DEF,30,,81.0,59.0,37.0,64.0,53.0,75.0,72.0,Right,5.0,15.0,11795.0,8000000.0,https://ui-avatars.com/api/?name=Ismail%20Jakobs&background=0d1f3c&color=00e5ff&size=120&bold=true&rounded=true
Senegal,Krépin Diatta,DEF,61,,79.0,75.0,39.0,69.0,69.0,80.0,75.0,Right,26.0,21.0,12636.0,6000000.0,https://ui-avatars.com/api/?name=Kr%C3%A9pin%20Diatta&background=0d1f3c&color=00e5ff&size=120&bold=true&rounded=true
Senegal,Édouard Mendy,GK,57,,73.0,41.0,25.0,55.0,31.0,22.0,70.0,Right,0.0,0.0,15814.0,4500000.0,https://ui-avatars.com/api/?name=%C3%89douard%20Mendy&background=0d1f3c&color=00e5ff&size=120&bold=true&rounded=true
Senegal,Pape Matar Sarr,MID,40,,73.0,70.0,73.0,66.0,80.0,60.0,63.0,Right,14.0,14.0,11209.0,32000000.0,https://ui-avatars.com/api/?name=Pape%20Matar%20Sarr&background=0d1f3c&color=00e5ff&size=120&bold=true&rounded=true
Senegal,Ismaïla Sarr,FWD,83,,75.0,86.0,71.0,63.0,78.0,30.0,63.0,Right,61.0,45.0,19168.0,35000000.0,https://ui-avatars.com/api/?name=Isma%C3%AFla%20Sarr&background=0d1f3c&color=00e5ff&size=120&bold=true&rounded=true
Senegal,Moussa Niakhaté,DEF,31,,73.0,69.0,49.0,69.0,58.0,75.0,71.0,Right,11.0,8.0,25226.0,18000000.0,https://ui-avatars.com/api/?name=Moussa%20Niakhat%C3%A9&background=0d1f3c&color=00e5ff&size=120&bold=true&rounded=true
Senegal,Ibrahim Mbaye,FWD,11,,71.0,76.0,71.0,65.0,76.0,28.0,69.0,Right,5.0,6.0,1643.0,30000000.0,https://ui-avatars.com/api/?name=Ibrahim%20Mbaye&background=0d1f3c&color=00e5ff&size=120&bold=true&rounded=true
Senegal,Habib Diarra,MID,21,,71.0,70.0,64.0,73.0,77.0,56.0,63.0,Right,13.0,12.0,8164.0,32000000.0,https://ui-avatars.com/api/?name=Habib%20Diarra&background=0d1f3c&color=00e5ff&size=120&bold=true&rounded=true
Senegal,Bara Sapoko Ndiaye,MID,1,,72.0,67.0,57.0,66.0,78.0,69.0,69.0,Right,0.0,0.0,142.0,300000.0,https://ui-avatars.com/api/?name=Bara%20Sapoko%20Ndiaye&background=0d1f3c&color=00e5ff&size=120&bold=true&rounded=true
Senegal,Mory Diaw,GK,5,,71.0,41.0,31.0,56.0,43.0,24.0,69.0,Right,0.0,1.0,8685.0,1000000.0,https://ui-avatars.com/api/?name=Mory%20Diaw&background=0d1f3c&color=00e5ff&size=120&bold=true&rounded=true
Senegal,Antoine Mendy,DEF,7,,80.0,78.0,35.0,60.0,53.0,78.0,79.0,Right,1.0,2.0,4774.0,6000000.0,https://ui-avatars.com/api/?name=Antoine%20Mendy&background=0d1f3c&color=00e5ff&size=120&bold=true&rounded=true
Senegal,El Hadji Malick Diouf,DEF,20,,71.0,66.0,51.0,50.0,60.0,83.0,70.0,Right,0.0,6.0,4171.0,28000000.0,https://ui-avatars.com/api/?name=El%20Hadji%20Malick%20Diouf&background=0d1f3c&color=00e5ff&size=120&bold=true&rounded=true
Senegal,Pape Gueye,MID,41,,81.0,78.0,64.0,71.0,69.0,59.0,63.0,Right,16.0,7.0,12117.0,40000000.0,https://ui-avatars.com/api/?name=Pape%20Gueye&background=0d1f3c&color=00e5ff&size=120&bold=true&rounded=true
Algeria,Melvin Mastil,GK,3,,72.0,49.0,30.0,47.0,31.0,20.0,76.0,Right,,,,,https://ui-avatars.com/api/?name=Melvin%20Mastil&background=0d1f3c&color=00e5ff&size=120&bold=true&rounded=true
Algeria,Aïssa Mandi,DEF,120,,72.0,64.0,51.0,71.0,51.0,72.0,71.0,Right,25.0,13.0,37250.0,1000000.0,https://ui-avatars.com/api/?name=A%C3%AFssa%20Mandi&background=0d1f3c&color=00e5ff&size=120&bold=true&rounded=true
Algeria,Achref Abada,DEF,9,,81.0,76.0,54.0,55.0,59.0,83.0,79.0,Right,,,,,https://ui-avatars.com/api/?name=Achref%20Abada&background=0d1f3c&color=00e5ff&size=120&bold=true&rounded=true
Algeria,Mohamed Amine Tougai,DEF,31,,77.0,55.0,47.0,58.0,59.0,76.0,75.0,Right,2.0,0.0,1827.0,500000.0,https://ui-avatars.com/api/?name=Mohamed%20Amine%20Tougai&background=0d1f3c&color=00e5ff&size=120&bold=true&rounded=true
Algeria,Zineddine Belaïd,DEF,13,,75.0,79.0,54.0,67.0,60.0,82.0,78.0,Right,1.0,0.0,1083.0,1500000.0,https://ui-avatars.com/api/?name=Zineddine%20Bela%C3%AFd&background=0d1f3c&color=00e5ff&size=120&bold=true&rounded=true
Algeria,Ramiz Zerrouki,MID,54,,71.0,59.0,66.0,72.0,76.0,61.0,68.0,Right,10.0,14.0,14772.0,6000000.0,https://ui-avatars.com/api/?name=Ramiz%20Zerrouki&background=0d1f3c&color=00e5ff&size=120&bold=true&rounded=true
Algeria,Riyad Mahrez,FWD,117,,79.0,73.0,83.0,74.0,78.0,26.0,58.0,Right,116.0,88.0,26161.0,7000000.0,https://ui-avatars.com/api/?name=Riyad%20Mahrez&background=0d1f3c&color=00e5ff&size=120&bold=true&rounded=true
Algeria,Houssem Aouar,MID,23,,72.0,61.0,76.0,66.0,82.0,74.0,73.0,Right,39.0,34.0,15938.0,8000000.0,https://ui-avatars.com/api/?name=Houssem%20Aouar&background=0d1f3c&color=00e5ff&size=120&bold=true&rounded=true
Algeria,Amine Gouiri,FWD,24,,71.0,86.0,79.0,59.0,83.0,31.0,67.0,Right,71.0,35.0,15090.0,28000000.0,https://ui-avatars.com/api/?name=Amine%20Gouiri&background=0d1f3c&color=00e5ff&size=120&bold=true&rounded=true
Algeria,Farès Chaïbi,MID,32,,74.0,75.0,68.0,66.0,83.0,75.0,71.0,Right,13.0,25.0,8919.0,15000000.0,https://ui-avatars.com/api/?name=Far%C3%A8s%20Cha%C3%AFbi&background=0d1f3c&color=00e5ff&size=120&bold=true&rounded=true
Algeria,Anis Hadj Moussa,FWD,16,,75.0,77.0,71.0,67.0,75.0,38.0,73.0,Right,27.0,16.0,7333.0,20000000.0,https://ui-avatars.com/api/?name=Anis%20Hadj%20Moussa&background=0d1f3c&color=00e5ff&size=120&bold=true&rounded=true
Algeria,Nadhir Benbouali,FWD,5,,73.0,72.0,80.0,58.0,75.0,30.0,60.0,Right,2.0,0.0,1060.0,600000.0,https://ui-avatars.com/api/?name=Nadhir%20Benbouali&background=0d1f3c&color=00e5ff&size=120&bold=true&rounded=true
Algeria,Jaouen Hadjam,DEF,19,,76.0,67.0,50.0,54.0,53.0,76.0,77.0,Right,0.0,1.0,2440.0,8000000.0,https://ui-avatars.com/api/?name=Jaouen%20Hadjam&background=0d1f3c&color=00e5ff&size=120&bold=true&rounded=true
Algeria,Hicham Boudaoui,MID,35,,72.0,71.0,61.0,78.0,73.0,61.0,75.0,Right,13.0,16.0,12507.0,12000000.0,https://ui-avatars.com/api/?name=Hicham%20Boudaoui&background=0d1f3c&color=00e5ff&size=120&bold=true&rounded=true
Algeria,Rayan Aït-Nouri,DEF,31,,70.0,67.0,57.0,63.0,56.0,83.0,70.0,Right,11.0,26.0,14707.0,40000000.0,https://ui-avatars.com/api/?name=Rayan%20A%C3%AFt-Nouri&background=0d1f3c&color=00e5ff&size=120&bold=true&rounded=true
Algeria,Oussama Benbot,GK,4,,78.0,45.0,34.0,51.0,31.0,22.0,77.0,Right,,,,,https://ui-avatars.com/api/?name=Oussama%20Benbot&background=0d1f3c&color=00e5ff&size=120&bold=true&rounded=true
Algeria,Rafik Belghali,DEF,14,,80.0,74.0,57.0,57.0,63.0,82.0,70.0,Right,4.0,2.0,4279.0,7000000.0,https://ui-avatars.com/api/?name=Rafik%20Belghali&background=0d1f3c&color=00e5ff&size=120&bold=true&rounded=true
Algeria,Mohamed Amoura,FWD,48,,74.0,74.0,68.0,73.0,85.0,32.0,70.0,Right,37.0,20.0,6999.0,27000000.0,https://ui-avatars.com/api/?name=Mohamed%20Amoura&background=0d1f3c&color=00e5ff&size=120&bold=true&rounded=true
Algeria,Nabil Bentaleb,MID,62,,80.0,77.0,57.0,69.0,76.0,55.0,61.0,Right,27.0,24.0,21390.0,5000000.0,https://ui-avatars.com/api/?name=Nabil%20Bentaleb&background=0d1f3c&color=00e5ff&size=120&bold=true&rounded=true
Algeria,Adil Boulbina,FWD,11,,74.0,79.0,74.0,55.0,75.0,36.0,68.0,Right,,,,,https://ui-avatars.com/api/?name=Adil%20Boulbina&background=0d1f3c&color=00e5ff&size=120&bold=true&rounded=true
Algeria,Ramy Bensebaini,DEF,82,,76.0,69.0,56.0,60.0,65.0,74.0,73.0,Right,39.0,21.0,26630.0,7000000.0,https://ui-avatars.com/api/?name=Ramy%20Bensebaini&background=0d1f3c&color=00e5ff&size=120&bold=true&rounded=true
Algeria,Ibrahim Maza,MID,18,,72.0,58.0,75.0,79.0,68.0,66.0,61.0,Right,6.0,7.0,3014.0,40000000.0,https://ui-avatars.com/api/?name=Ibrahim%20Maza&background=0d1f3c&color=00e5ff&size=120&bold=true&rounded=true
Algeria,Luca Zidane,GK,7,,73.0,45.0,27.0,55.0,32.0,18.0,67.0,Right,0.0,0.0,1396.0,1000000.0,https://ui-avatars.com/api/?name=Luca%20Zidane&background=0d1f3c&color=00e5ff&size=120&bold=true&rounded=true
Algeria,Yacine Titraoui,MID,5,,81.0,60.0,59.0,76.0,79.0,69.0,72.0,Right,5.0,1.0,4069.0,7000000.0,https://ui-avatars.com/api/?name=Yacine%20Titraoui&background=0d1f3c&color=00e5ff&size=120&bold=true&rounded=true
Algeria,Farès Ghedjemis,FWD,1,,73.0,80.0,74.0,58.0,74.0,30.0,70.0,Right,0.0,0.0,180.0,600000.0,https://ui-avatars.com/api/?name=Far%C3%A8s%20Ghedjemis&background=0d1f3c&color=00e5ff&size=120&bold=true&rounded=true
Algeria,Samir Chergui,DEF,6,,80.0,67.0,47.0,71.0,69.0,76.0,82.0,Right,1.0,0.0,1155.0,3000000.0,https://ui-avatars.com/api/?name=Samir%20Chergui&background=0d1f3c&color=00e5ff&size=120&bold=true&rounded=true
Argentina,Juan Musso,GK,4,,79.0,50.0,22.0,47.0,33.0,25.0,74.0,Right,0.0,0.0,20549.0,3000000.0,https://ui-avatars.com/api/?name=Juan%20Musso&background=0d1f3c&color=00e5ff&size=120&bold=true&rounded=true
Argentina,Marcos Senesi,DEF,3,,83.0,70.0,53.0,60.0,62.0,83.0,78.0,Right,14.0,17.0,18422.0,22000000.0,https://ui-avatars.com/api/?name=Marcos%20Senesi&background=0d1f3c&color=00e5ff&size=120&bold=true&rounded=true
Argentina,Nicolás Tagliafico,DEF,76,,77.0,78.0,53.0,65.0,56.0,74.0,81.0,Right,25.0,34.0,22959.0,5000000.0,https://ui-avatars.com/api/?name=Nicol%C3%A1s%20Tagliafico&background=0d1f3c&color=00e5ff&size=120&bold=true&rounded=true
Argentina,Gonzalo Montiel,DEF,39,,80.0,68.0,45.0,59.0,60.0,77.0,71.0,Right,3.0,9.0,5818.0,4500000.0,https://ui-avatars.com/api/?name=Gonzalo%20Montiel&background=0d1f3c&color=00e5ff&size=120&bold=true&rounded=true
Argentina,Leandro Paredes,MID,77,,84.0,76.0,60.0,78.0,71.0,55.0,76.0,Right,28.0,39.0,23606.0,5000000.0,https://ui-avatars.com/api/?name=Leandro%20Paredes&background=0d1f3c&color=00e5ff&size=120&bold=true&rounded=true
Argentina,Lisandro Martínez,DEF,28,,84.0,70.0,48.0,68.0,68.0,85.0,82.0,Right,9.0,9.0,17204.0,40000000.0,https://ui-avatars.com/api/?name=Lisandro%20Mart%C3%ADnez&background=0d1f3c&color=00e5ff&size=120&bold=true&rounded=true
Argentina,Rodrigo De Paul,MID,87,,84.0,72.0,72.0,82.0,83.0,76.0,82.0,Right,50.0,66.0,28308.0,15000000.0,https://ui-avatars.com/api/?name=Rodrigo%20De%20Paul&background=0d1f3c&color=00e5ff&size=120&bold=true&rounded=true
Argentina,Valentín Barco,MID,4,,83.0,58.0,57.0,72.0,75.0,76.0,79.0,Right,2.0,7.0,4299.0,35000000.0,https://ui-avatars.com/api/?name=Valent%C3%ADn%20Barco&background=0d1f3c&color=00e5ff&size=120&bold=true&rounded=true
Argentina,Julián Alvarez,FWD,51,,86.0,82.0,84.0,78.0,85.0,53.0,74.0,Right,84.0,35.0,13342.0,90000000.0,https://ui-avatars.com/api/?name=Juli%C3%A1n%20Alvarez&background=0d1f3c&color=00e5ff&size=120&bold=true&rounded=true
Argentina,Lionel Messi,FWD,199,,88.0,75.0,87.0,89.0,93.0,34.0,62.0,Right,452.0,224.0,44740.0,15000000.0,https://ui-avatars.com/api/?name=Lionel%20Messi&background=0d1f3c&color=00e5ff&size=120&bold=true&rounded=true
Argentina,Giovani Lo Celso,MID,67,,79.0,72.0,61.0,75.0,74.0,53.0,71.0,Right,43.0,32.0,16332.0,10000000.0,https://ui-avatars.com/api/?name=Giovani%20Lo%20Celso&background=0d1f3c&color=00e5ff&size=120&bold=true&rounded=true
Argentina,Gerónimo Rulli,GK,8,,83.0,45.0,33.0,51.0,40.0,20.0,69.0,Right,0.0,0.0,33954.0,8000000.0,https://ui-avatars.com/api/?name=Ger%C3%B3nimo%20Rulli&background=0d1f3c&color=00e5ff&size=120&bold=true&rounded=true
Argentina,Cristian Romero,DEF,51,,86.0,80.0,45.0,60.0,60.0,86.0,84.0,Right,19.0,15.0,21529.0,50000000.0,https://ui-avatars.com/api/?name=Cristian%20Romero&background=0d1f3c&color=00e5ff&size=120&bold=true&rounded=true
Argentina,Exequiel Palacios,MID,40,,78.0,71.0,75.0,80.0,76.0,62.0,79.0,Right,15.0,17.0,11341.0,30000000.0,https://ui-avatars.com/api/?name=Exequiel%20Palacios&background=0d1f3c&color=00e5ff&size=120&bold=true&rounded=true
Argentina,Nicolás González,MID,51,,80.0,85.0,76.0,70.0,79.0,42.0,75.0,Right,16.0,10.0,10747.0,45000000.0,https://ui-avatars.com/api/?name=Nicol%C3%A1s%20Gonz%C3%A1lez&background=0d1f3c&color=00e5ff&size=120&bold=true&rounded=true
Argentina,Thiago Almada,FWD,16,,79.0,75.0,78.0,71.0,78.0,38.0,68.0,Right,6.0,7.0,2914.0,20000000.0,https://ui-avatars.com/api/?name=Thiago%20Almada&background=0d1f3c&color=00e5ff&size=120&bold=true&rounded=true
Argentina,Giuliano Simeone,FWD,13,,85.0,80.0,74.0,67.0,78.0,35.0,72.0,Right,13.0,19.0,7541.0,40000000.0,https://ui-avatars.com/api/?name=Giuliano%20Simeone&background=0d1f3c&color=00e5ff&size=120&bold=true&rounded=true
Argentina,Nico Paz,FWD,9,,82.0,72.0,71.0,68.0,85.0,27.0,74.0,Right,20.0,17.0,6114.0,65000000.0,https://ui-avatars.com/api/?name=Nico%20Paz&background=0d1f3c&color=00e5ff&size=120&bold=true&rounded=true
Argentina,Nicolás Otamendi,DEF,132,,76.0,70.0,48.0,69.0,62.0,79.0,78.0,Right,34.0,22.0,48048.0,1000000.0,https://ui-avatars.com/api/?name=Nicol%C3%A1s%20Otamendi&background=0d1f3c&color=00e5ff&size=120&bold=true&rounded=true
Argentina,Alexis Mac Allister,MID,46,,85.0,69.0,75.0,84.0,83.0,73.0,76.0,Right,37.0,26.0,17699.0,80000000.0,https://ui-avatars.com/api/?name=Alexis%20Mac%20Allister&background=0d1f3c&color=00e5ff&size=120&bold=true&rounded=true
Argentina,José Manuel López,FWD,5,,76.0,77.0,77.0,69.0,76.0,30.0,67.0,Right,1.0,0.0,162.0,22000000.0,https://ui-avatars.com/api/?name=Jos%C3%A9%20Manuel%20L%C3%B3pez&background=0d1f3c&color=00e5ff&size=120&bold=true&rounded=true
Argentina,Lautaro Martínez,FWD,77,,87.0,83.0,87.0,72.0,84.0,42.0,78.0,Right,175.0,55.0,26275.0,85000000.0,https://ui-avatars.com/api/?name=Lautaro%20Mart%C3%ADnez&background=0d1f3c&color=00e5ff&size=120&bold=true&rounded=true
Argentina,Emiliano Martínez,GK,59,,87.0,50.0,30.0,55.0,40.0,25.0,78.0,Right,0.0,1.0,24956.0,15000000.0,https://ui-avatars.com/api/?name=Emiliano%20Mart%C3%ADnez&background=0d1f3c&color=00e5ff&size=120&bold=true&rounded=true
Argentina,Emiliano Martínez,GK,59,,87.0,50.0,30.0,55.0,40.0,25.0,78.0,Right,0.0,1.0,24956.0,15000000.0,https://ui-avatars.com/api/?name=Emiliano%20Mart%C3%ADnez&background=0d1f3c&color=00e5ff&size=120&bold=true&rounded=true
Argentina,Enzo Fernández,MID,42,,85.0,71.0,73.0,83.0,82.0,78.0,77.0,Right,32.0,30.0,15033.0,90000000.0,https://ui-avatars.com/api/?name=Enzo%20Fern%C3%A1ndez&background=0d1f3c&color=00e5ff&size=120&bold=true&rounded=true
Argentina,Facundo Medina,DEF,9,,80.0,76.0,51.0,67.0,66.0,80.0,79.0,Right,6.0,10.0,15050.0,18000000.0,https://ui-avatars.com/api/?name=Facundo%20Medina&background=0d1f3c&color=00e5ff&size=120&bold=true&rounded=true
Argentina,Nahuel Molina,DEF,58,,83.0,79.0,41.0,65.0,67.0,77.0,80.0,Right,19.0,26.0,16256.0,15000000.0,https://ui-avatars.com/api/?name=Nahuel%20Molina&background=0d1f3c&color=00e5ff&size=120&bold=true&rounded=true
Austria,Alexander Schlager,GK,26,,73.0,40.0,20.0,51.0,34.0,19.0,68.0,Right,0.0,1.0,1326.0,2500000.0,https://ui-avatars.com/api/?name=Alexander%20Schlager&background=0d1f3c&color=00e5ff&size=120&bold=true&rounded=true
Austria,David Affengruber,DEF,1,,70.0,58.0,45.0,71.0,53.0,72.0,76.0,Right,1.0,2.0,3006.0,9000000.0,https://ui-avatars.com/api/?name=David%20Affengruber&background=0d1f3c&color=00e5ff&size=120&bold=true&rounded=true
Austria,Kevin Danso,DEF,32,,71.0,63.0,37.0,57.0,68.0,75.0,71.0,Right,7.0,9.0,17360.0,20000000.0,https://ui-avatars.com/api/?name=Kevin%20Danso&background=0d1f3c&color=00e5ff&size=120&bold=true&rounded=true
Austria,Xaver Schlager,MID,51,,73.0,68.0,68.0,80.0,70.0,64.0,63.0,Right,8.0,19.0,14191.0,10000000.0,https://ui-avatars.com/api/?name=Xaver%20Schlager&background=0d1f3c&color=00e5ff&size=120&bold=true&rounded=true
Austria,Stefan Posch,DEF,52,,74.0,71.0,41.0,65.0,63.0,81.0,76.0,Right,10.0,5.0,19107.0,5500000.0,https://ui-avatars.com/api/?name=Stefan%20Posch&background=0d1f3c&color=00e5ff&size=120&bold=true&rounded=true
Austria,Nicolas Seiwald,MID,47,,78.0,61.0,76.0,75.0,69.0,61.0,71.0,Right,0.0,5.0,6936.0,22000000.0,https://ui-avatars.com/api/?name=Nicolas%20Seiwald&background=0d1f3c&color=00e5ff&size=120&bold=true&rounded=true
Austria,Marko Arnautović,FWD,133,,73.0,89.0,77.0,61.0,84.0,25.0,70.0,Right,91.0,56.0,24075.0,2500000.0,https://ui-avatars.com/api/?name=Marko%20Arnautovi%C4%87&background=0d1f3c&color=00e5ff&size=120&bold=true&rounded=true
Austria,David Alaba,DEF,113,,75.0,60.0,46.0,57.0,68.0,76.0,71.0,Right,35.0,60.0,41120.0,3500000.0,https://ui-avatars.com/api/?name=David%20Alaba&background=0d1f3c&color=00e5ff&size=120&bold=true&rounded=true
Austria,Marcel Sabitzer,MID,98,,74.0,67.0,55.0,74.0,72.0,61.0,66.0,Right,57.0,53.0,26440.0,7000000.0,https://ui-avatars.com/api/?name=Marcel%20Sabitzer&background=0d1f3c&color=00e5ff&size=120&bold=true&rounded=true
Austria,Florian Grillitsch,MID,58,,78.0,79.0,75.0,76.0,74.0,50.0,70.0,Right,16.0,25.0,22384.0,2000000.0,https://ui-avatars.com/api/?name=Florian%20Grillitsch&background=0d1f3c&color=00e5ff&size=120&bold=true&rounded=true
Austria,Michael Gregoritsch,FWD,75,,74.0,86.0,69.0,74.0,78.0,36.0,75.0,Right,82.0,32.0,19346.0,1500000.0,https://ui-avatars.com/api/?name=Michael%20Gregoritsch&background=0d1f3c&color=00e5ff&size=120&bold=true&rounded=true
Austria,Florian Wiegele,GK,1,,72.0,46.0,30.0,57.0,41.0,23.0,69.0,Right,0.0,0.0,750.0,2200000.0,https://ui-avatars.com/api/?name=Florian%20Wiegele&background=0d1f3c&color=00e5ff&size=120&bold=true&rounded=true
Austria,Patrick Pentz,GK,18,,79.0,40.0,31.0,50.0,33.0,19.0,68.0,Right,0.0,0.0,7575.0,2200000.0,https://ui-avatars.com/api/?name=Patrick%20Pentz&background=0d1f3c&color=00e5ff&size=120&bold=true&rounded=true
Austria,Saša Kalajdžić,FWD,22,,70.0,73.0,80.0,56.0,83.0,30.0,67.0,Right,26.0,13.0,4528.0,2000000.0,https://ui-avatars.com/api/?name=Sa%C5%A1a%20Kalajd%C5%BEi%C4%87&background=0d1f3c&color=00e5ff&size=120&bold=true&rounded=true
Austria,Philipp Lienhart,DEF,41,,78.0,77.0,55.0,65.0,63.0,78.0,81.0,Right,15.0,2.0,20997.0,12000000.0,https://ui-avatars.com/api/?name=Philipp%20Lienhart&background=0d1f3c&color=00e5ff&size=120&bold=true&rounded=true
Austria,Phillipp Mwene,DEF,30,,81.0,73.0,57.0,66.0,58.0,81.0,82.0,Right,8.0,19.0,14670.0,1500000.0,https://ui-avatars.com/api/?name=Phillipp%20Mwene&background=0d1f3c&color=00e5ff&size=120&bold=true&rounded=true
Austria,Carney Chukwuemeka,MID,3,,75.0,62.0,77.0,69.0,77.0,70.0,69.0,Right,6.0,4.0,2535.0,20000000.0,https://ui-avatars.com/api/?name=Carney%20Chukwuemeka&background=0d1f3c&color=00e5ff&size=120&bold=true&rounded=true
Austria,Romano Schmid,MID,34,,80.0,64.0,69.0,71.0,80.0,76.0,74.0,Right,15.0,28.0,11939.0,15000000.0,https://ui-avatars.com/api/?name=Romano%20Schmid&background=0d1f3c&color=00e5ff&size=120&bold=true&rounded=true
Austria,Dejan Ljubičić,MID,9,,72.0,76.0,64.0,79.0,70.0,55.0,71.0,Right,9.0,5.0,6249.0,5000000.0,https://ui-avatars.com/api/?name=Dejan%20Ljubi%C4%8Di%C4%87&background=0d1f3c&color=00e5ff&size=120&bold=true&rounded=true
Austria,Konrad Laimer,MID,57,,75.0,70.0,73.0,67.0,75.0,57.0,79.0,Right,22.0,40.0,21304.0,32000000.0,https://ui-avatars.com/api/?name=Konrad%20Laimer&background=0d1f3c&color=00e5ff&size=120&bold=true&rounded=true
Austria,Patrick Wimmer,FWD,30,,73.0,74.0,80.0,62.0,78.0,40.0,70.0,Right,17.0,28.0,8510.0,15000000.0,https://ui-avatars.com/api/?name=Patrick%20Wimmer&background=0d1f3c&color=00e5ff&size=120&bold=true&rounded=true
Austria,Alexander Prass,MID,19,,72.0,73.0,63.0,78.0,80.0,70.0,66.0,Right,3.0,4.0,3441.0,7000000.0,https://ui-avatars.com/api/?name=Alexander%20Prass&background=0d1f3c&color=00e5ff&size=120&bold=true&rounded=true
Austria,Marco Friedl,DEF,11,,76.0,60.0,36.0,58.0,66.0,76.0,81.0,Right,4.0,7.0,16719.0,12000000.0,https://ui-avatars.com/api/?name=Marco%20Friedl&background=0d1f3c&color=00e5ff&size=120&bold=true&rounded=true
Austria,Paul Wanner,MID,3,,70.0,67.0,65.0,80.0,81.0,57.0,76.0,Right,10.0,7.0,4234.0,18000000.0,https://ui-avatars.com/api/?name=Paul%20Wanner&background=0d1f3c&color=00e5ff&size=120&bold=true&rounded=true
Austria,Michael Svoboda,DEF,4,,78.0,72.0,46.0,66.0,63.0,80.0,73.0,Right,1.0,0.0,2856.0,900000.0,https://ui-avatars.com/api/?name=Michael%20Svoboda&background=0d1f3c&color=00e5ff&size=120&bold=true&rounded=true
Austria,Alessandro Schöpf,MID,35,,78.0,80.0,65.0,70.0,82.0,54.0,70.0,Right,17.0,15.0,11836.0,900000.0,https://ui-avatars.com/api/?name=Alessandro%20Sch%C3%B6pf&background=0d1f3c&color=00e5ff&size=120&bold=true&rounded=true
Jordan,Yazeed Abulaila,GK,76,,76.0,41.0,33.0,52.0,40.0,19.0,75.0,Right,,,,,https://ui-avatars.com/api/?name=Yazeed%20Abulaila&background=0d1f3c&color=00e5ff&size=120&bold=true&rounded=true
Jordan,Mohammad Abu Hashish,DEF,56,,79.0,79.0,53.0,64.0,58.0,79.0,73.0,Right,0.0,0.0,640.0,150000.0,https://ui-avatars.com/api/?name=Mohammad%20Abu%20Hashish&background=0d1f3c&color=00e5ff&size=120&bold=true&rounded=true
Jordan,Abdallah Nasib,DEF,65,,79.0,55.0,38.0,63.0,51.0,74.0,79.0,Right,0.0,0.0,22.0,100000.0,https://ui-avatars.com/api/?name=Abdallah%20Nasib&background=0d1f3c&color=00e5ff&size=120&bold=true&rounded=true
Jordan,Husam Abu Dahab,DEF,18,,75.0,60.0,50.0,65.0,56.0,84.0,82.0,Right,0.0,0.0,334.0,3000000.0,https://ui-avatars.com/api/?name=Husam%20Abu%20Dahab&background=0d1f3c&color=00e5ff&size=120&bold=true&rounded=true
Jordan,Yazan Al-Arab,DEF,80,,72.0,79.0,54.0,71.0,67.0,73.0,71.0,Right,,,,,https://ui-avatars.com/api/?name=Yazan%20Al-Arab&background=0d1f3c&color=00e5ff&size=120&bold=true&rounded=true
Jordan,Amer Jamous,MID,19,,77.0,80.0,67.0,79.0,82.0,61.0,74.0,Right,,,,,https://ui-avatars.com/api/?name=Amer%20Jamous&background=0d1f3c&color=00e5ff&size=120&bold=true&rounded=true
Jordan,Mohammad Abu Zrayq,FWD,41,,69.0,86.0,76.0,65.0,74.0,27.0,64.0,Right,0.0,0.0,640.0,150000.0,https://ui-avatars.com/api/?name=Mohammad%20Abu%20Zrayq&background=0d1f3c&color=00e5ff&size=120&bold=true&rounded=true
Jordan,Noor Al-Rawabdeh,MID,68,,72.0,71.0,68.0,77.0,79.0,73.0,68.0,Right,,,,,https://ui-avatars.com/api/?name=Noor%20Al-Rawabdeh&background=0d1f3c&color=00e5ff&size=120&bold=true&rounded=true
Jordan,Ali Olwan,FWD,66,,68.0,82.0,74.0,73.0,73.0,36.0,58.0,Right,1.0,3.0,8729.0,100000.0,https://ui-avatars.com/api/?name=Ali%20Olwan&background=0d1f3c&color=00e5ff&size=120&bold=true&rounded=true
Jordan,Musa Al-Taamari,FWD,92,,70.0,88.0,72.0,57.0,73.0,27.0,65.0,Right,0.0,0.0,11.0,150000.0,https://ui-avatars.com/api/?name=Musa%20Al-Taamari&background=0d1f3c&color=00e5ff&size=120&bold=true&rounded=true
Jordan,Odeh Al-Fakhouri,FWD,10,,73.0,84.0,81.0,70.0,83.0,40.0,60.0,Right,,,,,https://ui-avatars.com/api/?name=Odeh%20Al-Fakhouri&background=0d1f3c&color=00e5ff&size=120&bold=true&rounded=true
Jordan,Nour Bani Attiah,GK,5,,75.0,51.0,26.0,47.0,34.0,26.0,73.0,Right,,,,,https://ui-avatars.com/api/?name=Nour%20Bani%20Attiah&background=0d1f3c&color=00e5ff&size=120&bold=true&rounded=true
Jordan,Mahmoud Al-Mardi,FWD,89,,68.0,77.0,74.0,73.0,78.0,35.0,68.0,Right,,,,,https://ui-avatars.com/api/?name=Mahmoud%20Al-Mardi&background=0d1f3c&color=00e5ff&size=120&bold=true&rounded=true
Jordan,Rajaei Ayed,MID,72,,74.0,70.0,65.0,79.0,68.0,70.0,66.0,Right,,,,,https://ui-avatars.com/api/?name=Rajaei%20Ayed&background=0d1f3c&color=00e5ff&size=120&bold=true&rounded=true
Jordan,Ibrahim Sadeh,MID,57,,74.0,70.0,66.0,79.0,75.0,68.0,69.0,Right,9.0,11.0,6551.0,2000000.0,https://ui-avatars.com/api/?name=Ibrahim%20Sadeh&background=0d1f3c&color=00e5ff&size=120&bold=true&rounded=true
Jordan,Mo Abualnadi,DEF,18,,74.0,72.0,50.0,69.0,55.0,82.0,78.0,Right,0.0,0.0,4.0,25000.0,https://ui-avatars.com/api/?name=Mo%20Abualnadi&background=0d1f3c&color=00e5ff&size=120&bold=true&rounded=true
Jordan,Salim Obaid,DEF,11,,72.0,67.0,55.0,57.0,65.0,84.0,82.0,Right,0.0,0.0,56.0,50000.0,https://ui-avatars.com/api/?name=Salim%20Obaid&background=0d1f3c&color=00e5ff&size=120&bold=true&rounded=true
Jordan,Mohammad Taha,MID,2,,68.0,80.0,74.0,69.0,73.0,70.0,76.0,Right,0.0,0.0,90.0,75000.0,https://ui-avatars.com/api/?name=Mohammad%20Taha&background=0d1f3c&color=00e5ff&size=120&bold=true&rounded=true
Jordan,Saed Al-Rosan,DEF,21,,79.0,63.0,36.0,67.0,58.0,77.0,80.0,Right,7.0,13.0,5443.0,100000.0,https://ui-avatars.com/api/?name=Saed%20Al-Rosan&background=0d1f3c&color=00e5ff&size=120&bold=true&rounded=true
Jordan,Mohannad Abu Taha,MID,29,,76.0,63.0,60.0,77.0,78.0,63.0,61.0,Right,0.0,0.0,9.0,150000.0,https://ui-avatars.com/api/?name=Mohannad%20Abu%20Taha&background=0d1f3c&color=00e5ff&size=120&bold=true&rounded=true
Jordan,Nizar Al-Rashdan,MID,47,,75.0,60.0,77.0,67.0,68.0,73.0,78.0,Right,,,,,https://ui-avatars.com/api/?name=Nizar%20Al-Rashdan&background=0d1f3c&color=00e5ff&size=120&bold=true&rounded=true
Jordan,Abdallah Al-Fakhouri,GK,11,,69.0,40.0,23.0,52.0,32.0,18.0,68.0,Right,32.0,9.0,6786.0,4000000.0,https://ui-avatars.com/api/?name=Abdallah%20Al-Fakhouri&background=0d1f3c&color=00e5ff&size=120&bold=true&rounded=true
Jordan,Ihsan Haddad,DEF,92,,76.0,67.0,51.0,60.0,51.0,80.0,71.0,Right,,,,,https://ui-avatars.com/api/?name=Ihsan%20Haddad&background=0d1f3c&color=00e5ff&size=120&bold=true&rounded=true
Jordan,Ali Azaizeh,FWD,4,,70.0,87.0,73.0,73.0,80.0,25.0,67.0,Right,8.0,34.0,24689.0,75000.0,https://ui-avatars.com/api/?name=Ali%20Azaizeh&background=0d1f3c&color=00e5ff&size=120&bold=true&rounded=true
Jordan,Mohammad Al-Dawoud,MID,13,,70.0,58.0,56.0,80.0,79.0,57.0,77.0,Right,,,,,https://ui-avatars.com/api/?name=Mohammad%20Al-Dawoud&background=0d1f3c&color=00e5ff&size=120&bold=true&rounded=true
Jordan,Anas Badawi,DEF,1,,69.0,79.0,47.0,55.0,55.0,80.0,80.0,Right,,,,,https://ui-avatars.com/api/?name=Anas%20Badawi&background=0d1f3c&color=00e5ff&size=120&bold=true&rounded=true
Colombia,David Ospina,GK,130,,76.0,54.0,29.0,49.0,43.0,26.0,68.0,Right,0.0,1.0,19641.0,200000.0,https://ui-avatars.com/api/?name=David%20Ospina&background=0d1f3c&color=00e5ff&size=120&bold=true&rounded=true
Colombia,Daniel Muñoz,DEF,46,,71.0,78.0,54.0,58.0,64.0,75.0,84.0,Right,25.0,32.0,17915.0,27000000.0,https://ui-avatars.com/api/?name=Daniel%20Mu%C3%B1oz&background=0d1f3c&color=00e5ff&size=120&bold=true&rounded=true
Colombia,Jhon Lucumí,DEF,37,,77.0,63.0,47.0,58.0,53.0,72.0,84.0,Right,5.0,5.0,21902.0,25000000.0,https://ui-avatars.com/api/?name=Jhon%20Lucum%C3%AD&background=0d1f3c&color=00e5ff&size=120&bold=true&rounded=true
Colombia,Santiago Arias,DEF,68,,72.0,79.0,54.0,54.0,54.0,75.0,84.0,Right,12.0,24.0,19602.0,1500000.0,https://ui-avatars.com/api/?name=Santiago%20Arias&background=0d1f3c&color=00e5ff&size=120&bold=true&rounded=true
Colombia,Kevin Castaño,MID,25,,71.0,72.0,56.0,77.0,71.0,59.0,72.0,Right,1.0,4.0,1759.0,6500000.0,https://ui-avatars.com/api/?name=Kevin%20Casta%C3%B1o&background=0d1f3c&color=00e5ff&size=120&bold=true&rounded=true
Colombia,Richard Ríos,MID,32,,79.0,66.0,62.0,67.0,83.0,63.0,68.0,Right,6.0,8.0,3931.0,22000000.0,https://ui-avatars.com/api/?name=Richard%20R%C3%ADos&background=0d1f3c&color=00e5ff&size=120&bold=true&rounded=true
Colombia,Luis Díaz,FWD,74,,84.0,88.0,78.0,76.0,85.0,42.0,68.0,Right,104.0,59.0,20512.0,70000000.0,https://ui-avatars.com/api/?name=Luis%20D%C3%ADaz&background=0d1f3c&color=00e5ff&size=120&bold=true&rounded=true
Colombia,Jorge Carrascal,MID,24,,74.0,68.0,57.0,69.0,80.0,59.0,72.0,Right,18.0,21.0,9084.0,11000000.0,https://ui-avatars.com/api/?name=Jorge%20Carrascal&background=0d1f3c&color=00e5ff&size=120&bold=true&rounded=true
Colombia,Jhon Córdoba,FWD,21,,73.0,84.0,79.0,59.0,81.0,33.0,77.0,Right,124.0,53.0,24285.0,10000000.0,https://ui-avatars.com/api/?name=Jhon%20C%C3%B3rdoba&background=0d1f3c&color=00e5ff&size=120&bold=true&rounded=true
Colombia,James Rodríguez,MID,126,,78.0,60.0,78.0,85.0,82.0,38.0,55.0,Right,84.0,100.0,21090.0,2000000.0,https://ui-avatars.com/api/?name=James%20Rodr%C3%ADguez&background=0d1f3c&color=00e5ff&size=120&bold=true&rounded=true
Colombia,Jhon Arias,MID,38,,76.0,59.0,76.0,71.0,75.0,56.0,73.0,Right,3.0,2.0,1919.0,15000000.0,https://ui-avatars.com/api/?name=Jhon%20Arias&background=0d1f3c&color=00e5ff&size=120&bold=true&rounded=true
Colombia,Camilo Vargas,GK,42,,79.0,42.0,24.0,57.0,33.0,24.0,65.0,Right,1.0,2.0,3529.0,1200000.0,https://ui-avatars.com/api/?name=Camilo%20Vargas&background=0d1f3c&color=00e5ff&size=120&bold=true&rounded=true
Colombia,Yerry Mina,DEF,54,,71.0,79.0,47.0,56.0,59.0,78.0,75.0,Right,14.0,2.0,13632.0,3000000.0,https://ui-avatars.com/api/?name=Yerry%20Mina&background=0d1f3c&color=00e5ff&size=120&bold=true&rounded=true
Colombia,Gustavo Puerta,DEF,6,,72.0,80.0,37.0,67.0,60.0,77.0,73.0,Right,0.0,0.0,274.0,5000000.0,https://ui-avatars.com/api/?name=Gustavo%20Puerta&background=0d1f3c&color=00e5ff&size=120&bold=true&rounded=true
Colombia,Juan Portilla,MID,10,,74.0,76.0,76.0,79.0,81.0,65.0,68.0,Right,18.0,10.0,4249.0,12000000.0,https://ui-avatars.com/api/?name=Juan%20Portilla&background=0d1f3c&color=00e5ff&size=120&bold=true&rounded=true
Colombia,Jefferson Lerma,MID,65,,73.0,72.0,66.0,67.0,74.0,63.0,76.0,Right,10.0,14.0,20713.0,8000000.0,https://ui-avatars.com/api/?name=Jefferson%20Lerma&background=0d1f3c&color=00e5ff&size=120&bold=true&rounded=true
Colombia,Johan Mojica,DEF,45,,72.0,60.0,38.0,56.0,68.0,72.0,78.0,Right,5.0,18.0,16893.0,1800000.0,https://ui-avatars.com/api/?name=Johan%20Mojica&background=0d1f3c&color=00e5ff&size=120&bold=true&rounded=true
Colombia,Willer Ditta,DEF,5,,75.0,62.0,53.0,57.0,67.0,83.0,73.0,Right,,,,,https://ui-avatars.com/api/?name=Willer%20Ditta&background=0d1f3c&color=00e5ff&size=120&bold=true&rounded=true
Colombia,Cucho Hernández,FWD,9,,85.0,88.0,70.0,76.0,78.0,80.0,82.0,Right,36.0,13.0,10622.0,18000000.0,https://ui-avatars.com/api/?name=Cucho%20Hern%C3%A1ndez&background=0d1f3c&color=00e5ff&size=120&bold=true&rounded=true
Colombia,Juan Fernando Quintero,MID,49,,72.0,67.0,71.0,77.0,80.0,56.0,69.0,Right,6.0,8.0,2857.0,2000000.0,https://ui-avatars.com/api/?name=Juan%20Fernando%20Quintero&background=0d1f3c&color=00e5ff&size=120&bold=true&rounded=true
Colombia,Jaminton Campaz,FWD,10,,71.0,75.0,76.0,60.0,79.0,30.0,74.0,Right,,,,,https://ui-avatars.com/api/?name=Jaminton%20Campaz&background=0d1f3c&color=00e5ff&size=120&bold=true&rounded=true
Colombia,Deiver Machado,DEF,15,,77.0,65.0,53.0,51.0,52.0,82.0,75.0,Right,9.0,10.0,8146.0,2000000.0,https://ui-avatars.com/api/?name=Deiver%20Machado&background=0d1f3c&color=00e5ff&size=120&bold=true&rounded=true
Colombia,Davinson Sánchez,DEF,79,,72.0,80.0,50.0,70.0,56.0,82.0,77.0,Right,20.0,7.0,28063.0,16000000.0,https://ui-avatars.com/api/?name=Davinson%20S%C3%A1nchez&background=0d1f3c&color=00e5ff&size=120&bold=true&rounded=true
Colombia,Álvaro Montero,GK,12,,72.0,43.0,25.0,46.0,38.0,18.0,77.0,Right,0.0,0.0,92.0,10000000.0,https://ui-avatars.com/api/?name=%C3%81lvaro%20Montero&background=0d1f3c&color=00e5ff&size=120&bold=true&rounded=true
Colombia,Luis Suárez,FWD,12,,77.0,75.0,70.0,57.0,77.0,37.0,65.0,Right,289.0,149.0,35950.0,1500000.0,https://ui-avatars.com/api/?name=Luis%20Su%C3%A1rez&background=0d1f3c&color=00e5ff&size=120&bold=true&rounded=true
Colombia,Andrés Gómez,FWD,8,,76.0,72.0,78.0,70.0,77.0,31.0,69.0,Right,3.0,0.0,369.0,8000000.0,https://ui-avatars.com/api/?name=Andr%C3%A9s%20G%C3%B3mez&background=0d1f3c&color=00e5ff&size=120&bold=true&rounded=true
DR Congo,Lionel Mpasi,GK,29,,74.0,48.0,30.0,50.0,39.0,22.0,65.0,Right,0.0,0.0,14.0,50000.0,https://ui-avatars.com/api/?name=Lionel%20Mpasi&background=0d1f3c&color=00e5ff&size=120&bold=true&rounded=true
DR Congo,Aaron Wan-Bissaka,DEF,12,,69.0,58.0,39.0,58.0,66.0,74.0,74.0,Right,4.0,24.0,24752.0,22000000.0,https://ui-avatars.com/api/?name=Aaron%20Wan-Bissaka&background=0d1f3c&color=00e5ff&size=120&bold=true&rounded=true
DR Congo,Steve Kapuadi,DEF,4,,70.0,74.0,49.0,52.0,69.0,84.0,82.0,Right,0.0,1.0,899.0,2500000.0,https://ui-avatars.com/api/?name=Steve%20Kapuadi&background=0d1f3c&color=00e5ff&size=120&bold=true&rounded=true
DR Congo,Axel Tuanzebe,DEF,14,,68.0,78.0,54.0,67.0,67.0,77.0,83.0,Right,1.0,1.0,5657.0,5000000.0,https://ui-avatars.com/api/?name=Axel%20Tuanzebe&background=0d1f3c&color=00e5ff&size=120&bold=true&rounded=true
DR Congo,Dylan Batubinsika,DEF,14,,69.0,69.0,49.0,55.0,64.0,73.0,73.0,Right,6.0,2.0,10475.0,700000.0,https://ui-avatars.com/api/?name=Dylan%20Batubinsika&background=0d1f3c&color=00e5ff&size=120&bold=true&rounded=true
DR Congo,Ngal'ayel Mukau,MID,14,,74.0,65.0,69.0,67.0,81.0,64.0,72.0,Right,4.0,1.0,5650.0,12000000.0,https://ui-avatars.com/api/?name=Ngal%27ayel%20Mukau&background=0d1f3c&color=00e5ff&size=120&bold=true&rounded=true
DR Congo,Nathanaël Mbuku,MID,19,,76.0,59.0,62.0,81.0,80.0,50.0,61.0,Right,6.0,3.0,4133.0,2000000.0,https://ui-avatars.com/api/?name=Nathana%C3%ABl%20Mbuku&background=0d1f3c&color=00e5ff&size=120&bold=true&rounded=true
DR Congo,Samuel Moutoussamy,MID,58,,79.0,71.0,56.0,71.0,80.0,72.0,65.0,Right,6.0,10.0,13268.0,1200000.0,https://ui-avatars.com/api/?name=Samuel%20Moutoussamy&background=0d1f3c&color=00e5ff&size=120&bold=true&rounded=true
DR Congo,Brian Cipenga,FWD,8,,75.0,73.0,68.0,59.0,85.0,27.0,62.0,Right,7.0,6.0,6170.0,3000000.0,https://ui-avatars.com/api/?name=Brian%20Cipenga&background=0d1f3c&color=00e5ff&size=120&bold=true&rounded=true
DR Congo,Théo Bongonda,MID,38,,69.0,74.0,65.0,81.0,83.0,75.0,61.0,Right,67.0,49.0,21053.0,4000000.0,https://ui-avatars.com/api/?name=Th%C3%A9o%20Bongonda&background=0d1f3c&color=00e5ff&size=120&bold=true&rounded=true
DR Congo,Gaël Kakuta,FWD,31,,71.0,78.0,69.0,60.0,72.0,31.0,62.0,Right,35.0,34.0,16389.0,300000.0,https://ui-avatars.com/api/?name=Ga%C3%ABl%20Kakuta&background=0d1f3c&color=00e5ff&size=120&bold=true&rounded=true
DR Congo,Joris Kayembe,DEF,26,,72.0,74.0,50.0,68.0,58.0,76.0,77.0,Right,9.0,21.0,18311.0,2500000.0,https://ui-avatars.com/api/?name=Joris%20Kayembe&background=0d1f3c&color=00e5ff&size=120&bold=true&rounded=true
DR Congo,Meschak Elia,FWD,69,,76.0,76.0,77.0,56.0,80.0,35.0,61.0,Right,4.0,0.0,1360.0,1500000.0,https://ui-avatars.com/api/?name=Meschak%20Elia&background=0d1f3c&color=00e5ff&size=120&bold=true&rounded=true
DR Congo,Noah Sadiki,MID,20,,73.0,79.0,76.0,66.0,74.0,55.0,73.0,Right,1.0,6.0,8679.0,30000000.0,https://ui-avatars.com/api/?name=Noah%20Sadiki&background=0d1f3c&color=00e5ff&size=120&bold=true&rounded=true
DR Congo,Aaron Tshibola,MID,17,,68.0,75.0,61.0,65.0,82.0,50.0,60.0,Right,6.0,2.0,7119.0,150000.0,https://ui-avatars.com/api/?name=Aaron%20Tshibola&background=0d1f3c&color=00e5ff&size=120&bold=true&rounded=true
DR Congo,Timothy Fayulu,GK,3,,75.0,43.0,23.0,57.0,40.0,18.0,76.0,Right,0.0,0.0,81.0,150000.0,https://ui-avatars.com/api/?name=Timothy%20Fayulu&background=0d1f3c&color=00e5ff&size=120&bold=true&rounded=true
DR Congo,Cédric Bakambu,FWD,70,,77.0,80.0,74.0,58.0,83.0,30.0,73.0,Right,102.0,23.0,17665.0,1400000.0,https://ui-avatars.com/api/?name=C%C3%A9dric%20Bakambu&background=0d1f3c&color=00e5ff&size=120&bold=true&rounded=true
DR Congo,Charles Pickel,MID,34,,69.0,80.0,72.0,74.0,75.0,73.0,76.0,Right,3.0,2.0,6300.0,2500000.0,https://ui-avatars.com/api/?name=Charles%20Pickel&background=0d1f3c&color=00e5ff&size=120&bold=true&rounded=true
DR Congo,Fiston Mayele,FWD,37,,75.0,89.0,73.0,67.0,72.0,29.0,68.0,Right,,,,,https://ui-avatars.com/api/?name=Fiston%20Mayele&background=0d1f3c&color=00e5ff&size=120&bold=true&rounded=true
DR Congo,Yoane Wissa,FWD,38,,74.0,81.0,68.0,69.0,73.0,26.0,61.0,Right,58.0,19.0,12206.0,30000000.0,https://ui-avatars.com/api/?name=Yoane%20Wissa&background=0d1f3c&color=00e5ff&size=120&bold=true&rounded=true
DR Congo,Matthieu Epolo,GK,1,,70.0,46.0,27.0,57.0,39.0,24.0,72.0,Right,0.0,1.0,3555.0,5000000.0,https://ui-avatars.com/api/?name=Matthieu%20Epolo&background=0d1f3c&color=00e5ff&size=120&bold=true&rounded=true
DR Congo,Chancel Mbemba,DEF,109,,73.0,76.0,35.0,53.0,63.0,72.0,73.0,Right,25.0,6.0,27391.0,2500000.0,https://ui-avatars.com/api/?name=Chancel%20Mbemba&background=0d1f3c&color=00e5ff&size=120&bold=true&rounded=true
DR Congo,Simon Banza,FWD,15,,69.0,82.0,80.0,68.0,80.0,39.0,69.0,Right,75.0,20.0,10926.0,11000000.0,https://ui-avatars.com/api/?name=Simon%20Banza&background=0d1f3c&color=00e5ff&size=120&bold=true&rounded=true
DR Congo,Gédéon Kalulu,DEF,28,,77.0,73.0,53.0,55.0,69.0,79.0,80.0,Right,0.0,5.0,3410.0,3500000.0,https://ui-avatars.com/api/?name=G%C3%A9d%C3%A9on%20Kalulu&background=0d1f3c&color=00e5ff&size=120&bold=true&rounded=true
DR Congo,Edo Kayembe,MID,43,,73.0,65.0,55.0,81.0,68.0,73.0,74.0,Right,4.0,3.0,5693.0,4000000.0,https://ui-avatars.com/api/?name=Edo%20Kayembe&background=0d1f3c&color=00e5ff&size=120&bold=true&rounded=true
DR Congo,Arthur Masuaku,DEF,45,,74.0,73.0,56.0,52.0,60.0,75.0,83.0,Right,7.0,39.0,25151.0,2500000.0,https://ui-avatars.com/api/?name=Arthur%20Masuaku&background=0d1f3c&color=00e5ff&size=120&bold=true&rounded=true
Portugal,Diogo Costa,GK,43,,76.0,48.0,29.0,41.0,30.0,19.0,71.0,Right,0.0,1.0,20298.0,40000000.0,https://ui-avatars.com/api/?name=Diogo%20Costa&background=0d1f3c&color=00e5ff&size=120&bold=true&rounded=true
Portugal,Nélson Semedo,DEF,50,,83.0,71.0,40.0,63.0,64.0,79.0,75.0,Right,9.0,32.0,31126.0,6000000.0,https://ui-avatars.com/api/?name=N%C3%A9lson%20Semedo&background=0d1f3c&color=00e5ff&size=120&bold=true&rounded=true
Portugal,Rúben Dias,DEF,76,,86.0,68.0,48.0,65.0,62.0,88.0,84.0,Right,18.0,10.0,31806.0,60000000.0,https://ui-avatars.com/api/?name=R%C3%BAben%20Dias&background=0d1f3c&color=00e5ff&size=120&bold=true&rounded=true
Portugal,Tomás Araújo,DEF,5,,85.0,82.0,48.0,55.0,55.0,86.0,86.0,Right,4.0,7.0,8800.0,28000000.0,https://ui-avatars.com/api/?name=Tom%C3%A1s%20Ara%C3%BAjo&background=0d1f3c&color=00e5ff&size=120&bold=true&rounded=true
Portugal,Diogo Dalot,DEF,35,,76.0,78.0,57.0,68.0,61.0,73.0,72.0,Right,12.0,22.0,21246.0,30000000.0,https://ui-avatars.com/api/?name=Diogo%20Dalot&background=0d1f3c&color=00e5ff&size=120&bold=true&rounded=true
Portugal,Matheus Nunes,MID,20,,75.0,58.0,74.0,70.0,72.0,50.0,78.0,Right,11.0,34.0,16661.0,45000000.0,https://ui-avatars.com/api/?name=Matheus%20Nunes&background=0d1f3c&color=00e5ff&size=120&bold=true&rounded=true
Portugal,Cristiano Ronaldo,FWD,228,,84.0,72.0,90.0,75.0,82.0,34.0,78.0,Right,432.0,114.0,41150.0,12000000.0,https://ui-avatars.com/api/?name=Cristiano%20Ronaldo&background=0d1f3c&color=00e5ff&size=120&bold=true&rounded=true
Portugal,Bruno Fernandes,MID,89,,86.0,72.0,82.0,88.0,84.0,62.0,72.0,Right,176.0,164.0,45443.0,40000000.0,https://ui-avatars.com/api/?name=Bruno%20Fernandes&background=0d1f3c&color=00e5ff&size=120&bold=true&rounded=true
Portugal,Gonçalo Ramos,FWD,25,,74.0,87.0,79.0,62.0,81.0,40.0,58.0,Right,74.0,23.0,10395.0,35000000.0,https://ui-avatars.com/api/?name=Gon%C3%A7alo%20Ramos&background=0d1f3c&color=00e5ff&size=120&bold=true&rounded=true
Portugal,Bernardo Silva,MID,109,,87.0,72.0,75.0,86.0,90.0,62.0,65.0,Right,100.0,91.0,40755.0,27000000.0,https://ui-avatars.com/api/?name=Bernardo%20Silva&background=0d1f3c&color=00e5ff&size=120&bold=true&rounded=true
Portugal,João Félix,FWD,54,,77.0,81.0,83.0,65.0,72.0,31.0,69.0,Right,73.0,36.0,15144.0,25000000.0,https://ui-avatars.com/api/?name=Jo%C3%A3o%20F%C3%A9lix&background=0d1f3c&color=00e5ff&size=120&bold=true&rounded=true
Portugal,José Sá,GK,5,,78.0,46.0,31.0,54.0,31.0,21.0,78.0,Right,0.0,1.0,28760.0,5000000.0,https://ui-avatars.com/api/?name=Jos%C3%A9%20S%C3%A1&background=0d1f3c&color=00e5ff&size=120&bold=true&rounded=true
Portugal,Renato Veiga,DEF,13,,80.0,73.0,36.0,59.0,67.0,84.0,70.0,Right,1.0,1.0,5632.0,25000000.0,https://ui-avatars.com/api/?name=Renato%20Veiga&background=0d1f3c&color=00e5ff&size=120&bold=true&rounded=true
Portugal,Gonçalo Inácio,DEF,22,,78.0,66.0,40.0,71.0,58.0,75.0,70.0,Right,22.0,15.0,18768.0,40000000.0,https://ui-avatars.com/api/?name=Gon%C3%A7alo%20In%C3%A1cio&background=0d1f3c&color=00e5ff&size=120&bold=true&rounded=true
Portugal,João Neves,MID,22,,79.0,72.0,75.0,70.0,70.0,67.0,65.0,Right,17.0,17.0,10669.0,110000000.0,https://ui-avatars.com/api/?name=Jo%C3%A3o%20Neves&background=0d1f3c&color=00e5ff&size=120&bold=true&rounded=true
Portugal,Francisco Trincão,FWD,18,,74.0,84.0,74.0,69.0,83.0,25.0,72.0,Right,55.0,62.0,18536.0,35000000.0,https://ui-avatars.com/api/?name=Francisco%20Trinc%C3%A3o&background=0d1f3c&color=00e5ff&size=120&bold=true&rounded=true
Portugal,Rafael Leão,FWD,44,,86.0,94.0,80.0,75.0,88.0,30.0,72.0,Right,89.0,69.0,21079.0,65000000.0,https://ui-avatars.com/api/?name=Rafael%20Le%C3%A3o&background=0d1f3c&color=00e5ff&size=120&bold=true&rounded=true
Portugal,Pedro Neto,FWD,25,,77.0,84.0,74.0,59.0,84.0,26.0,58.0,Right,32.0,39.0,14156.0,60000000.0,https://ui-avatars.com/api/?name=Pedro%20Neto&background=0d1f3c&color=00e5ff&size=120&bold=true&rounded=true
Portugal,Gonçalo Guedes,FWD,34,,80.0,77.0,74.0,70.0,85.0,27.0,72.0,Right,65.0,62.0,22001.0,6000000.0,https://ui-avatars.com/api/?name=Gon%C3%A7alo%20Guedes&background=0d1f3c&color=00e5ff&size=120&bold=true&rounded=true
Portugal,João Cancelo,DEF,68,,76.0,77.0,36.0,50.0,58.0,80.0,76.0,Right,21.0,55.0,29047.0,9000000.0,https://ui-avatars.com/api/?name=Jo%C3%A3o%20Cancelo&background=0d1f3c&color=00e5ff&size=120&bold=true&rounded=true
Portugal,Rúben Neves,MID,67,,80.0,60.0,72.0,75.0,74.0,58.0,60.0,Right,27.0,16.0,19815.0,25000000.0,https://ui-avatars.com/api/?name=R%C3%BAben%20Neves&background=0d1f3c&color=00e5ff&size=120&bold=true&rounded=true
Portugal,Rui Silva,GK,3,,87.0,72.0,75.0,86.0,90.0,62.0,65.0,Right,0.0,1.0,27852.0,7000000.0,https://ui-avatars.com/api/?name=Rui%20Silva&background=0d1f3c&color=00e5ff&size=120&bold=true&rounded=true
Portugal,Vitinha,MID,38,,77.0,63.0,61.0,74.0,74.0,75.0,61.0,Right,29.0,28.0,17666.0,110000000.0,https://ui-avatars.com/api/?name=Vitinha&background=0d1f3c&color=00e5ff&size=120&bold=true&rounded=true
Portugal,Samú Costa,DEF,6,,77.0,75.0,51.0,50.0,59.0,74.0,84.0,Right,9.0,7.0,10157.0,15000000.0,https://ui-avatars.com/api/?name=Sam%C3%BA%20Costa&background=0d1f3c&color=00e5ff&size=120&bold=true&rounded=true
Portugal,Nuno Mendes,DEF,44,,83.0,73.0,46.0,65.0,58.0,82.0,81.0,Right,16.0,23.0,15011.0,75000000.0,https://ui-avatars.com/api/?name=Nuno%20Mendes&background=0d1f3c&color=00e5ff&size=120&bold=true&rounded=true
Portugal,Francisco Conceição,FWD,17,,74.0,85.0,78.0,72.0,81.0,26.0,61.0,Right,21.0,21.0,8767.0,30000000.0,https://ui-avatars.com/api/?name=Francisco%20Concei%C3%A7%C3%A3o&background=0d1f3c&color=00e5ff&size=120&bold=true&rounded=true
Uzbekistan,Utkir Yusupov,GK,40,,69.0,46.0,32.0,54.0,38.0,24.0,76.0,Right,,,,,https://ui-avatars.com/api/?name=Utkir%20Yusupov&background=0d1f3c&color=00e5ff&size=120&bold=true&rounded=true
Uzbekistan,Abdukodir Khusanov,DEF,27,,73.0,80.0,35.0,60.0,59.0,80.0,74.0,Right,1.0,0.0,5652.0,35000000.0,https://ui-avatars.com/api/?name=Abdukodir%20Khusanov&background=0d1f3c&color=00e5ff&size=120&bold=true&rounded=true
Uzbekistan,Khojiakbar Alijonov,DEF,40,,78.0,75.0,40.0,58.0,62.0,79.0,77.0,Right,,,,,https://ui-avatars.com/api/?name=Khojiakbar%20Alijonov&background=0d1f3c&color=00e5ff&size=120&bold=true&rounded=true
Uzbekistan,Farrukh Sayfiev,DEF,46,,75.0,55.0,51.0,54.0,51.0,80.0,81.0,Right,,,,,https://ui-avatars.com/api/?name=Farrukh%20Sayfiev&background=0d1f3c&color=00e5ff&size=120&bold=true&rounded=true
Uzbekistan,Rustam Ashurmatov,DEF,49,,75.0,63.0,38.0,66.0,66.0,76.0,71.0,Right,2.0,0.0,2373.0,750000.0,https://ui-avatars.com/api/?name=Rustam%20Ashurmatov&background=0d1f3c&color=00e5ff&size=120&bold=true&rounded=true
Uzbekistan,Akmal Mozgovoy,MID,25,,75.0,68.0,75.0,74.0,80.0,66.0,77.0,Right,,,,,https://ui-avatars.com/api/?name=Akmal%20Mozgovoy&background=0d1f3c&color=00e5ff&size=120&bold=true&rounded=true
Uzbekistan,Otabek Shukurov,MID,84,,77.0,73.0,74.0,69.0,80.0,67.0,76.0,Right,1.0,2.0,3025.0,1600000.0,https://ui-avatars.com/api/?name=Otabek%20Shukurov&background=0d1f3c&color=00e5ff&size=120&bold=true&rounded=true
Uzbekistan,Jamshid Iskanderov,MID,38,,76.0,71.0,71.0,68.0,69.0,76.0,79.0,Right,,,,,https://ui-avatars.com/api/?name=Jamshid%20Iskanderov&background=0d1f3c&color=00e5ff&size=120&bold=true&rounded=true
Uzbekistan,Odiljon Hamrobekov,MID,72,,75.0,81.0,69.0,75.0,79.0,58.0,72.0,Right,,,,,https://ui-avatars.com/api/?name=Odiljon%20Hamrobekov&background=0d1f3c&color=00e5ff&size=120&bold=true&rounded=true
Uzbekistan,Jaloliddin Masharipov,MID,74,,78.0,72.0,59.0,78.0,79.0,66.0,77.0,Right,0.0,2.0,483.0,1000000.0,https://ui-avatars.com/api/?name=Jaloliddin%20Masharipov&background=0d1f3c&color=00e5ff&size=120&bold=true&rounded=true
Uzbekistan,Oston Urunov,MID,42,,72.0,60.0,56.0,65.0,77.0,68.0,76.0,Right,1.0,1.0,2440.0,2000000.0,https://ui-avatars.com/api/?name=Oston%20Urunov&background=0d1f3c&color=00e5ff&size=120&bold=true&rounded=true
Uzbekistan,Abduvohid Nematov,GK,8,,68.0,51.0,20.0,42.0,40.0,18.0,71.0,Right,,,,,https://ui-avatars.com/api/?name=Abduvohid%20Nematov&background=0d1f3c&color=00e5ff&size=120&bold=true&rounded=true
Uzbekistan,Sherzod Nasrullaev,DEF,31,,77.0,57.0,42.0,69.0,53.0,76.0,75.0,Right,,,,,https://ui-avatars.com/api/?name=Sherzod%20Nasrullaev&background=0d1f3c&color=00e5ff&size=120&bold=true&rounded=true
Uzbekistan,Eldor Shomurodov,FWD,92,,74.0,85.0,81.0,58.0,79.0,25.0,74.0,Right,65.0,33.0,14601.0,7000000.0,https://ui-avatars.com/api/?name=Eldor%20Shomurodov&background=0d1f3c&color=00e5ff&size=120&bold=true&rounded=true
Uzbekistan,Umar Eshmurodov,DEF,29,,76.0,64.0,56.0,65.0,65.0,81.0,77.0,Right,32.0,25.0,12259.0,175000.0,https://ui-avatars.com/api/?name=Umar%20Eshmurodov&background=0d1f3c&color=00e5ff&size=120&bold=true&rounded=true
Uzbekistan,Botirali Ergashev,GK,2,,74.0,51.0,25.0,55.0,33.0,24.0,73.0,Right,,,,,https://ui-avatars.com/api/?name=Botirali%20Ergashev&background=0d1f3c&color=00e5ff&size=120&bold=true&rounded=true
Uzbekistan,Dostonbek Khamdamov,MID,34,,78.0,71.0,61.0,65.0,77.0,74.0,72.0,Right,0.0,0.0,482.0,900000.0,https://ui-avatars.com/api/?name=Dostonbek%20Khamdamov&background=0d1f3c&color=00e5ff&size=120&bold=true&rounded=true
Uzbekistan,Abdulla Abdullaev,DEF,17,,71.0,57.0,54.0,53.0,60.0,73.0,83.0,Right,0.0,1.0,383.0,75000.0,https://ui-avatars.com/api/?name=Abdulla%20Abdullaev&background=0d1f3c&color=00e5ff&size=120&bold=true&rounded=true
Uzbekistan,Azizjon Ganiev,MID,19,,79.0,74.0,66.0,76.0,68.0,62.0,73.0,Right,,,,,https://ui-avatars.com/api/?name=Azizjon%20Ganiev&background=0d1f3c&color=00e5ff&size=120&bold=true&rounded=true
Uzbekistan,Azizbek Amonov,FWD,12,,75.0,73.0,79.0,70.0,75.0,32.0,59.0,Right,,,,,https://ui-avatars.com/api/?name=Azizbek%20Amonov&background=0d1f3c&color=00e5ff&size=120&bold=true&rounded=true
Uzbekistan,Igor Sergeev,FWD,83,,77.0,80.0,74.0,69.0,84.0,41.0,73.0,Right,25.0,5.0,5828.0,100000.0,https://ui-avatars.com/api/?name=Igor%20Sergeev&background=0d1f3c&color=00e5ff&size=120&bold=true&rounded=true
Uzbekistan,Abbosbek Fayzullaev,MID,32,,79.0,59.0,74.0,78.0,70.0,72.0,71.0,Right,11.0,27.0,5812.0,7000000.0,https://ui-avatars.com/api/?name=Abbosbek%20Fayzullaev&background=0d1f3c&color=00e5ff&size=120&bold=true&rounded=true
Uzbekistan,Sherzod Esanov,MID,1,,75.0,59.0,58.0,78.0,83.0,68.0,61.0,Right,1.0,0.0,792.0,,https://ui-avatars.com/api/?name=Sherzod%20Esanov&background=0d1f3c&color=00e5ff&size=120&bold=true&rounded=true
Uzbekistan,Bekhruz Karimov,DEF,2,,79.0,68.0,40.0,62.0,53.0,77.0,71.0,Right,,,,,https://ui-avatars.com/api/?name=Bekhruz%20Karimov&background=0d1f3c&color=00e5ff&size=120&bold=true&rounded=true
Uzbekistan,Avazbek Ulmasaliev,DEF,0,,79.0,74.0,56.0,70.0,68.0,79.0,76.0,Right,,,,,https://ui-avatars.com/api/?name=Avazbek%20Ulmasaliev&background=0d1f3c&color=00e5ff&size=120&bold=true&rounded=true
Uzbekistan,Jakhongir Urozov,DEF,4,,70.0,60.0,54.0,70.0,60.0,76.0,76.0,Right,,,,,https://ui-avatars.com/api/?name=Jakhongir%20Urozov&background=0d1f3c&color=00e5ff&size=120&bold=true&rounded=true
Croatia,Dominik Livaković,GK,75,,74.0,50.0,34.0,42.0,39.0,22.0,71.0,Right,0.0,1.0,6662.0,4000000.0,https://ui-avatars.com/api/?name=Dominik%20Livakovi%C4%87&background=0d1f3c&color=00e5ff&size=120&bold=true&rounded=true
Croatia,Josip Stanišić,DEF,31,,74.0,59.0,43.0,64.0,52.0,84.0,75.0,Right,8.0,16.0,9062.0,35000000.0,https://ui-avatars.com/api/?name=Josip%20Stani%C5%A1i%C4%87&background=0d1f3c&color=00e5ff&size=120&bold=true&rounded=true
Croatia,Marin Pongračić,DEF,20,,70.0,80.0,55.0,57.0,60.0,77.0,77.0,Right,2.0,0.0,11487.0,7500000.0,https://ui-avatars.com/api/?name=Marin%20Pongra%C4%8Di%C4%87&background=0d1f3c&color=00e5ff&size=120&bold=true&rounded=true
Croatia,Joško Gvardiol,DEF,48,,84.0,78.0,50.0,65.0,65.0,84.0,82.0,Right,18.0,13.0,16430.0,70000000.0,https://ui-avatars.com/api/?name=Jo%C5%A1ko%20Gvardiol&background=0d1f3c&color=00e5ff&size=120&bold=true&rounded=true
Croatia,Duje Ćaleta-Car,DEF,38,,79.0,78.0,37.0,63.0,63.0,81.0,81.0,Right,9.0,4.0,17426.0,3000000.0,https://ui-avatars.com/api/?name=Duje%20%C4%86aleta-Car&background=0d1f3c&color=00e5ff&size=120&bold=true&rounded=true
Croatia,Josip Šutalo,DEF,33,,75.0,66.0,57.0,63.0,51.0,80.0,79.0,Right,5.0,0.0,9051.0,15000000.0,https://ui-avatars.com/api/?name=Josip%20%C5%A0utalo&background=0d1f3c&color=00e5ff&size=120&bold=true&rounded=true
Croatia,Nikola Moro,MID,10,,79.0,74.0,71.0,67.0,81.0,68.0,60.0,Right,10.0,14.0,11870.0,6500000.0,https://ui-avatars.com/api/?name=Nikola%20Moro&background=0d1f3c&color=00e5ff&size=120&bold=true&rounded=true
Croatia,Mateo Kovačić,MID,113,,84.0,72.0,68.0,82.0,85.0,72.0,72.0,Right,27.0,39.0,31392.0,12000000.0,https://ui-avatars.com/api/?name=Mateo%20Kova%C4%8Di%C4%87&background=0d1f3c&color=00e5ff&size=120&bold=true&rounded=true
Croatia,Andrej Kramarić,FWD,116,,81.0,78.0,71.0,64.0,84.0,26.0,67.0,Right,168.0,75.0,29208.0,3000000.0,https://ui-avatars.com/api/?name=Andrej%20Kramari%C4%87&background=0d1f3c&color=00e5ff&size=120&bold=true&rounded=true
Croatia,Luka Modrić,MID,198,,85.0,62.0,72.0,88.0,86.0,68.0,62.0,Right,39.0,91.0,40373.0,4000000.0,https://ui-avatars.com/api/?name=Luka%20Modri%C4%87&background=0d1f3c&color=00e5ff&size=120&bold=true&rounded=true
Croatia,Ante Budimir,FWD,38,,74.0,75.0,69.0,59.0,74.0,26.0,69.0,Right,111.0,12.0,19805.0,3000000.0,https://ui-avatars.com/api/?name=Ante%20Budimir&background=0d1f3c&color=00e5ff&size=120&bold=true&rounded=true
Croatia,Ivor Pandur,GK,0,,70.0,49.0,21.0,45.0,37.0,20.0,75.0,Right,0.0,0.0,5359.0,3500000.0,https://ui-avatars.com/api/?name=Ivor%20Pandur&background=0d1f3c&color=00e5ff&size=120&bold=true&rounded=true
Croatia,Nikola Vlašić,MID,63,,78.0,69.0,63.0,66.0,75.0,75.0,70.0,Right,58.0,42.0,23074.0,9000000.0,https://ui-avatars.com/api/?name=Nikola%20Vla%C5%A1i%C4%87&background=0d1f3c&color=00e5ff&size=120&bold=true&rounded=true
Croatia,Ivan Perišić,FWD,154,,81.0,75.0,77.0,74.0,79.0,28.0,67.0,Right,114.0,118.0,35988.0,1300000.0,https://ui-avatars.com/api/?name=Ivan%20Peri%C5%A1i%C4%87&background=0d1f3c&color=00e5ff&size=120&bold=true&rounded=true
Croatia,Mario Pašalić,MID,85,,81.0,71.0,70.0,76.0,69.0,56.0,79.0,Right,87.0,49.0,26844.0,7000000.0,https://ui-avatars.com/api/?name=Mario%20Pa%C5%A1ali%C4%87&background=0d1f3c&color=00e5ff&size=120&bold=true&rounded=true
Croatia,Martin Baturina,MID,19,,77.0,80.0,61.0,73.0,68.0,75.0,65.0,Right,10.0,6.0,2534.0,24000000.0,https://ui-avatars.com/api/?name=Martin%20Baturina&background=0d1f3c&color=00e5ff&size=120&bold=true&rounded=true
Croatia,Petar Sučić,MID,17,,75.0,79.0,66.0,76.0,77.0,72.0,65.0,Right,6.0,6.0,2999.0,30000000.0,https://ui-avatars.com/api/?name=Petar%20Su%C4%8Di%C4%87&background=0d1f3c&color=00e5ff&size=120&bold=true&rounded=true
Croatia,Kristijan Jakić,DEF,17,,70.0,73.0,52.0,55.0,68.0,81.0,77.0,Right,7.0,6.0,11335.0,6000000.0,https://ui-avatars.com/api/?name=Kristijan%20Jaki%C4%87&background=0d1f3c&color=00e5ff&size=120&bold=true&rounded=true
Croatia,Toni Fruk,MID,7,,77.0,78.0,60.0,71.0,75.0,50.0,77.0,Right,1.0,0.0,439.0,9000000.0,https://ui-avatars.com/api/?name=Toni%20Fruk&background=0d1f3c&color=00e5ff&size=120&bold=true&rounded=true
Croatia,Igor Matanović,FWD,9,,77.0,83.0,83.0,64.0,82.0,34.0,71.0,Right,17.0,5.0,3309.0,10000000.0,https://ui-avatars.com/api/?name=Igor%20Matanovi%C4%87&background=0d1f3c&color=00e5ff&size=120&bold=true&rounded=true
Croatia,Luka Sučić,MID,21,,78.0,77.0,64.0,74.0,77.0,74.0,70.0,Right,43.0,15.0,23791.0,2000000.0,https://ui-avatars.com/api/?name=Luka%20Su%C4%8Di%C4%87&background=0d1f3c&color=00e5ff&size=120&bold=true&rounded=true
Croatia,Luka Vušković,DEF,5,,76.0,56.0,54.0,57.0,56.0,79.0,70.0,Right,13.0,3.0,5127.0,60000000.0,https://ui-avatars.com/api/?name=Luka%20Vu%C5%A1kovi%C4%87&background=0d1f3c&color=00e5ff&size=120&bold=true&rounded=true
Croatia,Dominik Kotarski,GK,4,,74.0,41.0,21.0,54.0,30.0,22.0,66.0,Right,0.0,0.0,13140.0,6000000.0,https://ui-avatars.com/api/?name=Dominik%20Kotarski&background=0d1f3c&color=00e5ff&size=120&bold=true&rounded=true
Croatia,Marco Pašalić,FWD,15,,73.0,74.0,70.0,72.0,84.0,38.0,65.0,Right,0.0,0.0,10.0,6500000.0,https://ui-avatars.com/api/?name=Marco%20Pa%C5%A1ali%C4%87&background=0d1f3c&color=00e5ff&size=120&bold=true&rounded=true
Croatia,Martin Erlić,DEF,13,,81.0,75.0,44.0,69.0,66.0,82.0,71.0,Right,12.0,4.0,12470.0,4000000.0,https://ui-avatars.com/api/?name=Martin%20Erli%C4%87&background=0d1f3c&color=00e5ff&size=120&bold=true&rounded=true
Croatia,Petar Musa,FWD,11,,79.0,75.0,68.0,69.0,84.0,32.0,61.0,Right,29.0,12.0,5353.0,8000000.0,https://ui-avatars.com/api/?name=Petar%20Musa&background=0d1f3c&color=00e5ff&size=120&bold=true&rounded=true
England,Jordan Pickford,GK,84,,83.0,42.0,21.0,44.0,43.0,20.0,74.0,Right,0.0,2.0,34363.0,15000000.0,https://ui-avatars.com/api/?name=Jordan%20Pickford&background=0d1f3c&color=00e5ff&size=120&bold=true&rounded=true
England,Ezri Konsa,DEF,20,,80.0,81.0,56.0,65.0,50.0,83.0,77.0,Right,11.0,3.0,23079.0,40000000.0,https://ui-avatars.com/api/?name=Ezri%20Konsa&background=0d1f3c&color=00e5ff&size=120&bold=true&rounded=true
England,Nico O'Reilly,DEF,5,,75.0,75.0,42.0,67.0,65.0,76.0,79.0,Right,14.0,8.0,5225.0,50000000.0,https://ui-avatars.com/api/?name=Nico%20O%27Reilly&background=0d1f3c&color=00e5ff&size=120&bold=true&rounded=true
England,Declan Rice,MID,73,,86.0,72.0,68.0,78.0,76.0,85.0,84.0,Right,34.0,41.0,31579.0,120000000.0,https://ui-avatars.com/api/?name=Declan%20Rice&background=0d1f3c&color=00e5ff&size=120&bold=true&rounded=true
England,John Stones,DEF,89,,79.0,67.0,53.0,52.0,57.0,82.0,79.0,Right,19.0,9.0,27464.0,15000000.0,https://ui-avatars.com/api/?name=John%20Stones&background=0d1f3c&color=00e5ff&size=120&bold=true&rounded=true
England,Marc Guéhi,DEF,29,,83.0,66.0,36.0,60.0,61.0,83.0,71.0,Right,13.0,8.0,17099.0,65000000.0,https://ui-avatars.com/api/?name=Marc%20Gu%C3%A9hi&background=0d1f3c&color=00e5ff&size=120&bold=true&rounded=true
England,Bukayo Saka,FWD,49,,87.0,86.0,80.0,82.0,87.0,62.0,68.0,Right,80.0,74.0,22491.0,120000000.0,https://ui-avatars.com/api/?name=Bukayo%20Saka&background=0d1f3c&color=00e5ff&size=120&bold=true&rounded=true
England,Elliot Anderson,MID,9,,78.0,79.0,66.0,66.0,82.0,54.0,66.0,Right,6.0,14.0,8826.0,60000000.0,https://ui-avatars.com/api/?name=Elliot%20Anderson&background=0d1f3c&color=00e5ff&size=120&bold=true&rounded=true
England,Harry Kane,FWD,114,,89.0,68.0,92.0,82.0,82.0,48.0,82.0,Right,411.0,94.0,44728.0,65000000.0,https://ui-avatars.com/api/?name=Harry%20Kane&background=0d1f3c&color=00e5ff&size=120&bold=true&rounded=true
England,Jude Bellingham,MID,48,,89.0,78.0,82.0,82.0,87.0,68.0,80.0,Right,69.0,58.0,21169.0,140000000.0,https://ui-avatars.com/api/?name=Jude%20Bellingham&background=0d1f3c&color=00e5ff&size=120&bold=true&rounded=true
England,Marcus Rashford,FWD,72,,83.0,83.0,83.0,62.0,85.0,33.0,72.0,Right,140.0,90.0,30663.0,40000000.0,https://ui-avatars.com/api/?name=Marcus%20Rashford&background=0d1f3c&color=00e5ff&size=120&bold=true&rounded=true
England,Tino Livramento,DEF,6,,78.0,67.0,39.0,60.0,59.0,75.0,82.0,Right,2.0,5.0,9224.0,40000000.0,https://ui-avatars.com/api/?name=Tino%20Livramento&background=0d1f3c&color=00e5ff&size=120&bold=true&rounded=true
England,Dean Henderson,GK,5,,82.0,44.0,33.0,57.0,44.0,27.0,72.0,Right,0.0,0.0,16381.0,28000000.0,https://ui-avatars.com/api/?name=Dean%20Henderson&background=0d1f3c&color=00e5ff&size=120&bold=true&rounded=true
England,Jordan Henderson,MID,90,,80.0,65.0,57.0,79.0,83.0,53.0,65.0,Right,32.0,67.0,37418.0,2000000.0,https://ui-avatars.com/api/?name=Jordan%20Henderson&background=0d1f3c&color=00e5ff&size=120&bold=true&rounded=true
England,Dan Burn,DEF,8,,74.0,58.0,45.0,61.0,54.0,78.0,82.0,Right,10.0,10.0,22429.0,5000000.0,https://ui-avatars.com/api/?name=Dan%20Burn&background=0d1f3c&color=00e5ff&size=120&bold=true&rounded=true
England,Kobbie Mainoo,MID,14,,78.0,73.0,67.0,77.0,68.0,76.0,66.0,Right,8.0,5.0,6183.0,50000000.0,https://ui-avatars.com/api/?name=Kobbie%20Mainoo&background=0d1f3c&color=00e5ff&size=120&bold=true&rounded=true
England,Morgan Rogers,MID,15,,81.0,70.0,77.0,80.0,81.0,53.0,67.0,Right,36.0,32.0,10242.0,80000000.0,https://ui-avatars.com/api/?name=Morgan%20Rogers&background=0d1f3c&color=00e5ff&size=120&bold=true&rounded=true
England,Anthony Gordon,FWD,19,,78.0,81.0,76.0,66.0,83.0,29.0,73.0,Right,44.0,27.0,14134.0,60000000.0,https://ui-avatars.com/api/?name=Anthony%20Gordon&background=0d1f3c&color=00e5ff&size=120&bold=true&rounded=true
England,Ollie Watkins,FWD,22,,74.0,80.0,79.0,59.0,77.0,27.0,62.0,Right,98.0,45.0,20423.0,30000000.0,https://ui-avatars.com/api/?name=Ollie%20Watkins&background=0d1f3c&color=00e5ff&size=120&bold=true&rounded=true
England,Noni Madueke,FWD,11,,75.0,85.0,69.0,67.0,78.0,34.0,70.0,Right,43.0,24.0,10201.0,50000000.0,https://ui-avatars.com/api/?name=Noni%20Madueke&background=0d1f3c&color=00e5ff&size=120&bold=true&rounded=true
England,Eberechi Eze,MID,17,,83.0,71.0,65.0,74.0,73.0,53.0,60.0,Right,48.0,33.0,14879.0,60000000.0,https://ui-avatars.com/api/?name=Eberechi%20Eze&background=0d1f3c&color=00e5ff&size=120&bold=true&rounded=true
England,Ivan Toney,FWD,8,,80.0,80.0,75.0,59.0,74.0,34.0,68.0,Right,39.0,11.0,7610.0,20000000.0,https://ui-avatars.com/api/?name=Ivan%20Toney&background=0d1f3c&color=00e5ff&size=120&bold=true&rounded=true
England,James Trafford,GK,2,,82.0,54.0,25.0,54.0,34.0,20.0,70.0,Right,0.0,0.0,3960.0,25000000.0,https://ui-avatars.com/api/?name=James%20Trafford&background=0d1f3c&color=00e5ff&size=120&bold=true&rounded=true
England,Reece James,DEF,24,,76.0,64.0,46.0,71.0,53.0,73.0,77.0,Right,0.0,0.0,90.0,400000.0,https://ui-avatars.com/api/?name=Reece%20James&background=0d1f3c&color=00e5ff&size=120&bold=true&rounded=true
England,Djed Spence,DEF,6,,77.0,79.0,57.0,61.0,51.0,75.0,74.0,Right,1.0,2.0,6692.0,30000000.0,https://ui-avatars.com/api/?name=Djed%20Spence&background=0d1f3c&color=00e5ff&size=120&bold=true&rounded=true
England,Jarell Quansah,DEF,3,,76.0,63.0,55.0,67.0,60.0,74.0,83.0,Right,8.0,3.0,7097.0,45000000.0,https://ui-avatars.com/api/?name=Jarell%20Quansah&background=0d1f3c&color=00e5ff&size=120&bold=true&rounded=true
Ghana,Lawrence Ati-Zigi,GK,29,,76.0,46.0,21.0,48.0,43.0,21.0,77.0,Right,,,,,https://ui-avatars.com/api/?name=Lawrence%20Ati-Zigi&background=0d1f3c&color=00e5ff&size=120&bold=true&rounded=true
Ghana,Alidu Seidu,DEF,24,,76.0,67.0,52.0,64.0,59.0,83.0,73.0,Right,0.0,2.0,7646.0,6000000.0,https://ui-avatars.com/api/?name=Alidu%20Seidu&background=0d1f3c&color=00e5ff&size=120&bold=true&rounded=true
Ghana,Caleb Yirenkyi,MID,11,,72.0,59.0,64.0,65.0,74.0,75.0,76.0,Right,3.0,5.0,2678.0,6000000.0,https://ui-avatars.com/api/?name=Caleb%20Yirenkyi&background=0d1f3c&color=00e5ff&size=120&bold=true&rounded=true
Ghana,Jonas Adjetey,DEF,10,,78.0,81.0,37.0,63.0,59.0,77.0,76.0,Right,0.0,0.0,752.0,7000000.0,https://ui-avatars.com/api/?name=Jonas%20Adjetey&background=0d1f3c&color=00e5ff&size=120&bold=true&rounded=true
Ghana,Thomas Partey,MID,57,,77.0,74.0,60.0,68.0,68.0,76.0,68.0,Right,29.0,19.0,26999.0,2500000.0,https://ui-avatars.com/api/?name=Thomas%20Partey&background=0d1f3c&color=00e5ff&size=120&bold=true&rounded=true
Ghana,Abdul Mumin,DEF,5,,71.0,61.0,57.0,51.0,66.0,79.0,77.0,Right,4.0,1.0,12502.0,4000000.0,https://ui-avatars.com/api/?name=Abdul%20Mumin&background=0d1f3c&color=00e5ff&size=120&bold=true&rounded=true
Ghana,Abdul Fatawu,FWD,28,,74.0,86.0,82.0,69.0,79.0,40.0,76.0,Right,0.0,3.0,829.0,20000000.0,https://ui-avatars.com/api/?name=Abdul%20Fatawu&background=0d1f3c&color=00e5ff&size=120&bold=true&rounded=true
Ghana,Kwasi Sibo,MID,8,,78.0,59.0,77.0,81.0,79.0,75.0,75.0,Right,0.0,0.0,1986.0,1500000.0,https://ui-avatars.com/api/?name=Kwasi%20Sibo&background=0d1f3c&color=00e5ff&size=120&bold=true&rounded=true
Ghana,Jordan Ayew,FWD,120,,76.0,86.0,80.0,69.0,82.0,28.0,73.0,Right,75.0,42.0,30014.0,1800000.0,https://ui-avatars.com/api/?name=Jordan%20Ayew&background=0d1f3c&color=00e5ff&size=120&bold=true&rounded=true
Ghana,Brandon Thomas-Asante,FWD,8,,79.0,75.0,70.0,71.0,77.0,41.0,69.0,Right,22.0,8.0,5045.0,1000000.0,https://ui-avatars.com/api/?name=Brandon%20Thomas-Asante&background=0d1f3c&color=00e5ff&size=120&bold=true&rounded=true
Ghana,Antoine Semenyo,MID,34,,74.0,78.0,58.0,76.0,82.0,75.0,79.0,Right,43.0,15.0,10141.0,75000000.0,https://ui-avatars.com/api/?name=Antoine%20Semenyo&background=0d1f3c&color=00e5ff&size=120&bold=true&rounded=true
Ghana,Joseph Anang,GK,1,,74.0,51.0,24.0,54.0,30.0,19.0,69.0,Right,0.0,0.0,960.0,275000.0,https://ui-avatars.com/api/?name=Joseph%20Anang&background=0d1f3c&color=00e5ff&size=120&bold=true&rounded=true
Ghana,Christopher Bonsu Baah,FWD,9,,70.0,84.0,69.0,68.0,85.0,28.0,61.0,Right,4.0,5.0,3130.0,12000000.0,https://ui-avatars.com/api/?name=Christopher%20Bonsu%20Baah&background=0d1f3c&color=00e5ff&size=120&bold=true&rounded=true
Ghana,Gideon Mensah,DEF,40,,71.0,74.0,53.0,62.0,61.0,78.0,78.0,Right,0.0,6.0,11593.0,3500000.0,https://ui-avatars.com/api/?name=Gideon%20Mensah&background=0d1f3c&color=00e5ff&size=120&bold=true&rounded=true
Ghana,Elisha Owusu,MID,20,,79.0,78.0,58.0,66.0,69.0,54.0,69.0,Right,1.0,3.0,11587.0,3500000.0,https://ui-avatars.com/api/?name=Elisha%20Owusu&background=0d1f3c&color=00e5ff&size=120&bold=true&rounded=true
Ghana,Benjamin Asare,GK,11,,77.0,48.0,32.0,46.0,34.0,27.0,74.0,Right,24.0,30.0,39921.0,4000000.0,https://ui-avatars.com/api/?name=Benjamin%20Asare&background=0d1f3c&color=00e5ff&size=120&bold=true&rounded=true
Ghana,Abdul Rahman Baba,DEF,51,,77.0,60.0,53.0,70.0,57.0,72.0,81.0,Right,18.0,18.0,18169.0,2000000.0,https://ui-avatars.com/api/?name=Abdul%20Rahman%20Baba&background=0d1f3c&color=00e5ff&size=120&bold=true&rounded=true
Ghana,Jerome Opoku,DEF,11,,68.0,61.0,48.0,70.0,66.0,80.0,70.0,Right,8.0,9.0,12055.0,5000000.0,https://ui-avatars.com/api/?name=Jerome%20Opoku&background=0d1f3c&color=00e5ff&size=120&bold=true&rounded=true
Ghana,Iñaki Williams,FWD,26,,83.0,93.0,74.0,76.0,86.0,35.0,68.0,Right,115.0,70.0,37553.0,10000000.0,https://ui-avatars.com/api/?name=I%C3%B1aki%20Williams&background=0d1f3c&color=00e5ff&size=120&bold=true&rounded=true
Ghana,Augustine Boakye,MID,0,,72.0,77.0,62.0,70.0,78.0,68.0,63.0,Right,3.0,0.0,732.0,4000000.0,https://ui-avatars.com/api/?name=Augustine%20Boakye&background=0d1f3c&color=00e5ff&size=120&bold=true&rounded=true
Ghana,Kojo Peprah Oppong,DEF,4,,69.0,55.0,47.0,63.0,50.0,84.0,80.0,Right,1.0,0.0,2925.0,10000000.0,https://ui-avatars.com/api/?name=Kojo%20Peprah%20Oppong&background=0d1f3c&color=00e5ff&size=120&bold=true&rounded=true
Ghana,Kamaldeen Sulemana,FWD,28,,68.0,75.0,77.0,66.0,81.0,30.0,58.0,Right,17.0,15.0,7383.0,18000000.0,https://ui-avatars.com/api/?name=Kamaldeen%20Sulemana&background=0d1f3c&color=00e5ff&size=120&bold=true&rounded=true
Ghana,Derrick Luckassen,DEF,1,,74.0,80.0,55.0,65.0,63.0,78.0,73.0,Right,9.0,3.0,14191.0,1200000.0,https://ui-avatars.com/api/?name=Derrick%20Luckassen&background=0d1f3c&color=00e5ff&size=120&bold=true&rounded=true
Ghana,Ernest Nuamah,FWD,18,,71.0,77.0,73.0,59.0,79.0,39.0,63.0,Right,24.0,9.0,5911.0,12000000.0,https://ui-avatars.com/api/?name=Ernest%20Nuamah&background=0d1f3c&color=00e5ff&size=120&bold=true&rounded=true
Ghana,Prince Kwabena Adu,FWD,5,,76.0,72.0,68.0,67.0,74.0,34.0,60.0,Right,4.0,2.0,2164.0,1500000.0,https://ui-avatars.com/api/?name=Prince%20Kwabena%20Adu&background=0d1f3c&color=00e5ff&size=120&bold=true&rounded=true
Ghana,Marvin Senaya,DEF,2,,76.0,62.0,37.0,62.0,55.0,84.0,76.0,Right,2.0,1.0,4152.0,3000000.0,https://ui-avatars.com/api/?name=Marvin%20Senaya&background=0d1f3c&color=00e5ff&size=120&bold=true&rounded=true
Panama,Luis Mejía,GK,56,,71.0,43.0,31.0,52.0,31.0,22.0,72.0,Right,3.0,3.0,819.0,125000.0,https://ui-avatars.com/api/?name=Luis%20Mej%C3%ADa&background=0d1f3c&color=00e5ff&size=120&bold=true&rounded=true
Panama,César Blackman,DEF,40,,74.0,70.0,57.0,55.0,68.0,76.0,82.0,Right,0.0,0.0,521.0,2500000.0,https://ui-avatars.com/api/?name=C%C3%A9sar%20Blackman&background=0d1f3c&color=00e5ff&size=120&bold=true&rounded=true
Panama,José Córdoba,DEF,32,,68.0,77.0,43.0,66.0,51.0,74.0,72.0,Right,0.0,0.0,180.0,4500000.0,https://ui-avatars.com/api/?name=Jos%C3%A9%20C%C3%B3rdoba&background=0d1f3c&color=00e5ff&size=120&bold=true&rounded=true
Panama,Fidel Escobar,DEF,99,,75.0,61.0,56.0,59.0,59.0,82.0,73.0,Right,17.0,14.0,10124.0,1000000.0,https://ui-avatars.com/api/?name=Fidel%20Escobar&background=0d1f3c&color=00e5ff&size=120&bold=true&rounded=true
Panama,Edgardo Fariña,DEF,18,,76.0,71.0,49.0,51.0,53.0,74.0,70.0,Right,3.0,0.0,2560.0,1000000.0,https://ui-avatars.com/api/?name=Edgardo%20Fari%C3%B1a&background=0d1f3c&color=00e5ff&size=120&bold=true&rounded=true
Panama,Cristian Martínez,MID,66,,87.0,50.0,30.0,55.0,40.0,25.0,78.0,Right,1.0,0.0,1167.0,250000.0,https://ui-avatars.com/api/?name=Cristian%20Mart%C3%ADnez&background=0d1f3c&color=00e5ff&size=120&bold=true&rounded=true
Panama,José Luis Rodríguez,MID,70,,78.0,60.0,78.0,85.0,82.0,38.0,55.0,Right,2.0,8.0,2150.0,2500000.0,https://ui-avatars.com/api/?name=Jos%C3%A9%20Luis%20Rodr%C3%ADguez&background=0d1f3c&color=00e5ff&size=120&bold=true&rounded=true
Panama,Adalberto Carrasquilla,MID,73,,72.0,64.0,72.0,71.0,68.0,56.0,63.0,Right,,,,,https://ui-avatars.com/api/?name=Adalberto%20Carrasquilla&background=0d1f3c&color=00e5ff&size=120&bold=true&rounded=true
Panama,Tomás Rodríguez,FWD,13,,78.0,60.0,78.0,85.0,82.0,38.0,55.0,Right,0.0,0.0,10.0,150000.0,https://ui-avatars.com/api/?name=Tom%C3%A1s%20Rodr%C3%ADguez&background=0d1f3c&color=00e5ff&size=120&bold=true&rounded=true
Panama,Ismael Díaz,MID,57,,84.0,88.0,78.0,76.0,85.0,42.0,68.0,Right,7.0,1.0,2397.0,6000000.0,https://ui-avatars.com/api/?name=Ismael%20D%C3%ADaz&background=0d1f3c&color=00e5ff&size=120&bold=true&rounded=true
Panama,Yoel Bárcenas,MID,104,,75.0,70.0,58.0,70.0,76.0,54.0,71.0,Right,,,,,https://ui-avatars.com/api/?name=Yoel%20B%C3%A1rcenas&background=0d1f3c&color=00e5ff&size=120&bold=true&rounded=true
Panama,César Samudio,GK,5,,71.0,47.0,32.0,48.0,33.0,20.0,72.0,Right,0.0,0.0,1980.0,100000.0,https://ui-avatars.com/api/?name=C%C3%A9sar%20Samudio&background=0d1f3c&color=00e5ff&size=120&bold=true&rounded=true
Panama,Jiovany Ramos,DEF,23,,72.0,72.0,44.0,68.0,61.0,73.0,70.0,Right,2.0,1.0,2658.0,100000.0,https://ui-avatars.com/api/?name=Jiovany%20Ramos&background=0d1f3c&color=00e5ff&size=120&bold=true&rounded=true
Panama,Carlos Harvey,DEF,28,,75.0,65.0,37.0,66.0,50.0,83.0,78.0,Right,14.0,12.0,5891.0,2000000.0,https://ui-avatars.com/api/?name=Carlos%20Harvey&background=0d1f3c&color=00e5ff&size=120&bold=true&rounded=true
Panama,Eric Davis,DEF,107,,79.0,78.0,37.0,71.0,68.0,84.0,81.0,Right,1.0,0.0,781.0,225000.0,https://ui-avatars.com/api/?name=Eric%20Davis&background=0d1f3c&color=00e5ff&size=120&bold=true&rounded=true
Panama,Andrés Andrade,DEF,50,,71.0,55.0,55.0,66.0,62.0,72.0,79.0,Right,0.0,0.0,1292.0,2000000.0,https://ui-avatars.com/api/?name=Andr%C3%A9s%20Andrade&background=0d1f3c&color=00e5ff&size=120&bold=true&rounded=true
Panama,José Fajardo,FWD,68,,78.0,78.0,79.0,72.0,85.0,31.0,74.0,Right,6.0,7.0,2772.0,300000.0,https://ui-avatars.com/api/?name=Jos%C3%A9%20Fajardo&background=0d1f3c&color=00e5ff&size=120&bold=true&rounded=true
Panama,Cecilio Waterman,FWD,55,,69.0,83.0,75.0,56.0,78.0,28.0,75.0,Right,,,,,https://ui-avatars.com/api/?name=Cecilio%20Waterman&background=0d1f3c&color=00e5ff&size=120&bold=true&rounded=true
Panama,Alberto Quintero,MID,141,,79.0,63.0,63.0,73.0,81.0,57.0,78.0,Right,2.0,2.0,3220.0,1000000.0,https://ui-avatars.com/api/?name=Alberto%20Quintero&background=0d1f3c&color=00e5ff&size=120&bold=true&rounded=true
Panama,Aníbal Godoy,MID,159,,70.0,75.0,59.0,78.0,79.0,53.0,66.0,Right,,,,,https://ui-avatars.com/api/?name=An%C3%ADbal%20Godoy&background=0d1f3c&color=00e5ff&size=120&bold=true&rounded=true
Panama,César Yanis,MID,56,,71.0,69.0,56.0,75.0,81.0,71.0,75.0,Right,0.0,0.0,1980.0,100000.0,https://ui-avatars.com/api/?name=C%C3%A9sar%20Yanis&background=0d1f3c&color=00e5ff&size=120&bold=true&rounded=true
Panama,Orlando Mosquera,GK,48,,71.0,52.0,25.0,43.0,44.0,25.0,73.0,Right,15.0,2.0,2268.0,300000.0,https://ui-avatars.com/api/?name=Orlando%20Mosquera&background=0d1f3c&color=00e5ff&size=120&bold=true&rounded=true
Panama,Michael Amir Murillo,DEF,94,,68.0,61.0,46.0,59.0,54.0,83.0,71.0,Right,0.0,0.0,282.0,75000.0,https://ui-avatars.com/api/?name=Michael%20Amir%20Murillo&background=0d1f3c&color=00e5ff&size=120&bold=true&rounded=true
Panama,Azarias Londoño,FWD,11,,77.0,77.0,79.0,66.0,78.0,26.0,67.0,Right,,,,,https://ui-avatars.com/api/?name=Azarias%20Londo%C3%B1o&background=0d1f3c&color=00e5ff&size=120&bold=true&rounded=true
Panama,Roderick Miller,DEF,50,,79.0,80.0,51.0,53.0,56.0,80.0,84.0,Right,0.0,0.0,4.0,200000.0,https://ui-avatars.com/api/?name=Roderick%20Miller&background=0d1f3c&color=00e5ff&size=120&bold=true&rounded=true
Panama,Jorge Gutiérrez,DEF,18,,70.0,81.0,57.0,56.0,51.0,77.0,71.0,Right,2.0,4.0,2435.0,1100000.0,https://ui-avatars.com/api/?name=Jorge%20Guti%C3%A9rrez&background=0d1f3c&color=00e5ff&size=120&bold=true&rounded=true
